# DATATYPE: DATATYPE name isoId kind status checksum definition; MEMBER: MEMBER parentName memberId memberName xmlTag kind dataTypeName minOccurs maxOccurs definition
# Generated by tools/spec-extract from get_spec_snapshot (components + choices). Choice members are the snapshot's VARIANT rows.
DATATYPE	GroupHeader116	_0xuUsTEyEe6g-ffJsqGiSA	MessageComponent	Registered	D065D1347DD89CE4	Provides further details on the message.
MEMBER	GroupHeader116	_0z-XcTEyEe6g-ffJsqGiSA	MessageIdentification	MsgId	Attribute	Max35Text	1	1	Point to point reference, as assigned by the account servicing institution, and sent to the account owner or the party authorised to receive the message, to unambiguously identify the message.|Usage: The account servicing institution has to make sure that MessageIdentification is unique per account owner for a pre-agreed period.
MEMBER	GroupHeader116	_0z-XczEyEe6g-ffJsqGiSA	CreationDateTime	CreDtTm	Attribute	ISODateTime	1	1	Date and time at which the message was created.
MEMBER	GroupHeader116	_0z-XdTEyEe6g-ffJsqGiSA	MessageRecipient	MsgRcpt	Component	PartyIdentification272	0	1	Party authorised by the account owner to receive information about movements on the account.|Usage: MessageRecipient should only be identified when different from the account owner.
MEMBER	GroupHeader116	_0z-XdzEyEe6g-ffJsqGiSA	MessagePagination	MsgPgntn	Component	Pagination1	0	1	Provides details on the page number of the message.||Usage: The pagination of the message is only allowed when agreed between the parties.
MEMBER	GroupHeader116	_0z-XeTEyEe6g-ffJsqGiSA	OriginalBusinessQuery	OrgnlBizQry	Component	OriginalBusinessQuery1	0	1	Unique identification, as assigned by the original requestor, to unambiguously identify the business query message.
MEMBER	GroupHeader116	_0z-XezEyEe6g-ffJsqGiSA	AdditionalInformation	AddtlInf	Attribute	Max500Text	0	1	Further details of the message.
DATATYPE	Pagination1	_xhMHQa6XEees_ufOy2ci-g	MessageComponent	Registered	42B34A387A4A1607	Number used to sequence pages when it is not possible for data to be conveyed in a single message and the data has to be split across several pages (messages).
MEMBER	Pagination1	_xsy6Ua6XEees_ufOy2ci-g	PageNumber	PgNb	Attribute	Max5NumericText	1	1	Page number.
MEMBER	Pagination1	_xsy6U66XEees_ufOy2ci-g	LastPageIndicator	LastPgInd	Attribute	YesNoIndicator	1	1	Indicates the last page.
DATATYPE	AccountStatement15	f2d5db70-d297-4049-9ae1-97fe2c32f5ef	MessageComponent	Registered	BB1FA985C025F924	Provides further details of the account statement.
MEMBER	AccountStatement15	6e3e2272-6daf-46fb-9ab6-83ff34f08155	Identification	Id	Attribute	Max35Text	1	1	Unique identification, as assigned by the account servicer, to unambiguously identify the account statement.
MEMBER	AccountStatement15	df275ee3-f4d9-4a64-b4fd-9cacf4c6004b	StatementPagination	StmtPgntn	Component	Pagination1	0	1	Provides details on the page number of the statement.||Usage: The pagination of the statement is only allowed when agreed between the parties.
MEMBER	AccountStatement15	c5f4c80a-a8f3-4d3f-881b-20bf2d990db4	ElectronicSequenceNumber	ElctrncSeqNb	Attribute	Number	0	1	Sequential number of the statement, as assigned by the account servicer.|Usage: The sequential number is increased incrementally for each statement sent electronically.
MEMBER	AccountStatement15	5d16a146-9a8e-4b78-9ec4-e5f01bb83f61	ReportingSequence	RptgSeq	Choice	SequenceRange1Choice	0	1	Specifies the range of identification sequence numbers, as provided in the request.
MEMBER	AccountStatement15	48e101a8-2e98-4baa-96cf-00c18c0d5a00	LegalSequenceNumber	LglSeqNb	Attribute	Number	0	1	Legal sequential number of the statement, as assigned by the account servicer. It is increased incrementally for each statement sent.||Usage: Where a paper statement is a legal requirement, it may have a number different from the electronic sequential number. Paper statements could for instance only be sent if movement on the account has taken place, whereas electronic statements could be sent at the end of each reporting period, regardless of whether movements have taken place or not.
MEMBER	AccountStatement15	012b0fff-86ec-4c9d-971a-1fd7ccdfd8e1	CreationDateTime	CreDtTm	Attribute	ISODateTime	0	1	Date and time at which the statement was created.
MEMBER	AccountStatement15	dbe574d0-dcfd-4a06-a353-dcd3a8bd4039	FromToDate	FrToDt	Component	DateTimePeriod1	0	1	Range of time between a start date and an end date for which the account statement is issued.
MEMBER	AccountStatement15	160725eb-93bd-4284-b0b5-c5a97a928464	CopyDuplicateIndicator	CpyDplctInd	Codeset	CopyDuplicate1Code	0	1	Indicates whether the document is a copy, a duplicate, or a duplicate of a copy.
MEMBER	AccountStatement15	c777fbd9-ef07-4c36-a124-6d852f0d856b	ReportingSource	RptgSrc	Choice	ReportingSource1Choice	0	1	Specifies the application used to generate the reporting.
MEMBER	AccountStatement15	82493aba-0890-4d4d-b390-b834cd35600b	Account	Acct	Component	CashAccount43	1	1	Unambiguous identification of the account to which credit and debit entries are made.
MEMBER	AccountStatement15	d7d4c04f-11e9-493f-885b-ad142fa7f504	RelatedAccount	RltdAcct	Component	CashAccount40	0	1	Identifies the parent account of the account for which the statement has been issued.
MEMBER	AccountStatement15	9e152592-106c-40ed-8af8-601a81c41008	Interest	Intrst	Component	AccountInterest4	0	*	Provides general interest information that applies to the account at a particular moment in time.
MEMBER	AccountStatement15	62002a5c-b6a0-496c-ae85-d8dfff8cbaaf	Balance	Bal	Component	CashBalance8	1	*	Set of elements used to define the balance as a numerical representation of the net increases and decreases in an account at a specific point in time.
MEMBER	AccountStatement15	2a0f7266-6db8-41b7-ae18-6a621d7f011d	TransactionsSummary	TxsSummry	Component	TotalTransactions6	0	1	Provides summary information on entries.
MEMBER	AccountStatement15	c1bfd244-584b-46fd-bcfb-45d012593359	Entry	Ntry	Component	ReportEntry16	0	*	Specify an entry in the statement.|Usage: At least one reference must be provided to identify the entry and its underlying transaction(s).|||Usage Rule: In case of a Payments R-transaction the creditor / debtor referenced of the original payment initiation messages is also used for reporting of the R-transaction. The original debtor/creditor in the reporting of R-Transactions is not inverted. |Following elements all defined in the TransactionDetails in RelatedParties or RelatedAgents are impacted by this usage rule:|Creditor, UltimateCreditor, CreditorAccount, CreditorAgent, Debtor, UltimateDebtor, DebtorAccount and DebtorAgent.
MEMBER	AccountStatement15	75366df7-0827-4c64-bc68-db0739e045ae	AdditionalStatementInformation	AddtlStmtInf	Attribute	Max500Text	0	1	Further details of the account statement.
DATATYPE	SequenceRange1	_22wBoIy0EeeGkvZr3jtnCQ	MessageComponent	Registered	C6FBE4361E28CE92	Specifies a range of sequences from a start sequence to an end sequence.
MEMBER	SequenceRange1	_9nPeAIy0EeeGkvZr3jtnCQ	FromSequence	FrSeq	Attribute	Max35Text	1	1	Start sequence of the range.
MEMBER	SequenceRange1	__3Gn0Iy0EeeGkvZr3jtnCQ	ToSequence	ToSeq	Attribute	Max35Text	1	1	End sequence of the range.
DATATYPE	DateTimePeriod1	_aeAZM_hvEeSLI7Du5Hk4iw	MessageComponent	Registered	CE5B77F81AE11969	Time span defined by a start date and time, and an end date and time.
MEMBER	DateTimePeriod1	_aeAZNPhvEeSLI7Du5Hk4iw	FromDateTime	FrDtTm	Attribute	ISODateTime	1	1	Date and time at which the period starts.
MEMBER	DateTimePeriod1	_aeAZNfhvEeSLI7Du5Hk4iw	ToDateTime	ToDtTm	Attribute	ISODateTime	1	1	Date and time at which the period ends.
DATATYPE	CashAccount43	_w3t9QTEyEe6g-ffJsqGiSA	MessageComponent	Registered	B24C0F6F06EEA05C	Provides the details to identify an account.
MEMBER	CashAccount43	_w5_OJzEyEe6g-ffJsqGiSA	Identification	Id	Choice	AccountIdentification4Choice	0	1	Unique and unambiguous identification for the account between the account owner and the account servicer.
MEMBER	CashAccount43	_w5_OKTEyEe6g-ffJsqGiSA	Type	Tp	Choice	CashAccountType2Choice	0	1	Specifies the nature, or use of the account.
MEMBER	CashAccount43	_w5_OKzEyEe6g-ffJsqGiSA	Currency	Ccy	Codeset	ActiveOrHistoricCurrencyCode	0	1	Identification of the currency in which the account is held.
MEMBER	CashAccount43	_w5_OLTEyEe6g-ffJsqGiSA	Name	Nm	Attribute	Max70Text	0	1	Name of the account, as assigned by the account servicing institution, in agreement with the account owner in order to provide an additional means of identification of the account.||Usage: The account name is different from the account owner name. The account name is used in certain user communities to provide a means of identifying the account, in addition to the account owner's identity and the account number.
MEMBER	CashAccount43	_w5_OLzEyEe6g-ffJsqGiSA	Proxy	Prxy	Component	ProxyAccountIdentification1	0	1	Specifies an alternate assumed name for the identification of the account. 
MEMBER	CashAccount43	_w5_OMTEyEe6g-ffJsqGiSA	Owner	Ownr	Component	PartyIdentification272	0	1	Party that legally owns the account.
MEMBER	CashAccount43	_w5_OMzEyEe6g-ffJsqGiSA	Servicer	Svcr	Component	BranchAndFinancialInstitutionIdentification8	0	1	Party that manages the account on behalf of the account owner, that is manages the registration and booking of entries on the account, calculates balances on the account and provides information about the account.
DATATYPE	AccountInterest4	_wDb1Aa6FEeexrtTFgmVD3Q	MessageComponent	Registered	64B089AB252614B6	Provides further details on the interest that applies to the account at a particular moment in time.
MEMBER	AccountInterest4	_wL7Co66FEeexrtTFgmVD3Q	Type	Tp	Choice	InterestType1Choice	0	1	Specifies the type of interest.
MEMBER	AccountInterest4	_wL7Cpa6FEeexrtTFgmVD3Q	Rate	Rate	Component	Rate4	0	*	Set of elements used to qualify the interest rate.
MEMBER	AccountInterest4	_wL7Cp66FEeexrtTFgmVD3Q	FromToDate	FrToDt	Component	DateTimePeriod1	0	1	Range of time between a start date and an end date for the calculation of the interest.
MEMBER	AccountInterest4	_wL7Cqa6FEeexrtTFgmVD3Q	Reason	Rsn	Attribute	Max35Text	0	1	Specifies the reason for the interest.
MEMBER	AccountInterest4	_wL7Cq66FEeexrtTFgmVD3Q	Tax	Tax	Component	TaxCharges2	0	1	Provides details on the tax applied to charges.
DATATYPE	Rate4	_uoQ2MbTVEee_k7HqaUKERA	MessageComponent	Registered	E2264A5A11EB378E	Set of elements used to qualify the interest rate.
MEMBER	Rate4	_uwTX47TVEee_k7HqaUKERA	Type	Tp	Choice	RateType4Choice	1	1	Specifies the type of interest rate.
MEMBER	Rate4	_uwTX5bTVEee_k7HqaUKERA	ValidityRange	VldtyRg	Component	ActiveOrHistoricCurrencyAndAmountRange2	0	1	An amount range where the interest rate is applicable.
DATATYPE	ActiveOrHistoricCurrencyAndAmountRange2	_PPV2V5lcEeeE1Ya-LgRsuQ	MessageComponent	Registered	ED300434E5B35512	Range of amount values.
MEMBER	ActiveOrHistoricCurrencyAndAmountRange2	_PXu9U5lcEeeE1Ya-LgRsuQ	Amount	Amt	Choice	ImpliedCurrencyAmountRange1Choice	1	1	Specified amount or amount range.
MEMBER	ActiveOrHistoricCurrencyAndAmountRange2	_PXu9VZlcEeeE1Ya-LgRsuQ	CreditDebitIndicator	CdtDbtInd	Codeset	CreditDebitCode	0	1	Indicates whether the amount is a credited or debited amount.
MEMBER	ActiveOrHistoricCurrencyAndAmountRange2	_PXu9V5lcEeeE1Ya-LgRsuQ	Currency	Ccy	Codeset	ActiveOrHistoricCurrencyCode	1	1	Medium of exchange of value, used to qualify an amount.
DATATYPE	AmountRangeBoundary1	_T4ItO9p-Ed-ak6NoX_4Aeg_-1155989003	MessageComponent	Registered	7F0E8709EE4759C4	Limit for an amount range.
MEMBER	AmountRangeBoundary1	_T4ItPNp-Ed-ak6NoX_4Aeg_-1036855293	BoundaryAmount	BdryAmt	Amount	ImpliedCurrencyAndAmount	1	1	Amount value of the range limit.
MEMBER	AmountRangeBoundary1	_T4SeMNp-Ed-ak6NoX_4Aeg_-1036855240	Included	Incl	Attribute	YesNoIndicator	1	1	Indicates whether the boundary amount is included in the range of amount values.
DATATYPE	FromToAmountRange1	_jomKS5ljEeeE1Ya-LgRsuQ	MessageComponent	Registered	5FD292093FFA7C58	Range of amount values.
MEMBER	FromToAmountRange1	_jw5KoZljEeeE1Ya-LgRsuQ	FromAmount	FrAmt	Component	AmountRangeBoundary1	1	1	Lower boundary of a range of amount values.
MEMBER	FromToAmountRange1	_jw5Ko5ljEeeE1Ya-LgRsuQ	ToAmount	ToAmt	Component	AmountRangeBoundary1	1	1	Upper boundary of a range of amount values.
DATATYPE	TaxCharges2	_RwPMkdp-Ed-ak6NoX_4Aeg_-913228615	MessageComponent	Registered	B3551C250D01E407	Amount of money due to the government or tax authority, according to various pre-defined parameters such as thresholds or income.
MEMBER	TaxCharges2	_RwPMktp-Ed-ak6NoX_4Aeg_-913228585	Identification	Id	Attribute	Max35Text	0	1	Unique reference to unambiguously identify the nature of the tax levied, such as Value Added Tax (VAT).
MEMBER	TaxCharges2	_RwPMk9p-Ed-ak6NoX_4Aeg_-913228493	Rate	Rate	Attribute	PercentageRate	0	1	Rate used to calculate the tax.
MEMBER	TaxCharges2	_RwPMlNp-Ed-ak6NoX_4Aeg_-913228554	Amount	Amt	Amount	ActiveOrHistoricCurrencyAndAmount	0	1	Amount of money resulting from the calculation of the tax.
DATATYPE	CashBalance8	_oQJZgYZ5Eee8r9VKRbnJSg	MessageComponent	Registered	22368A5E25A331CE	Set of elements used to define the balance details.
MEMBER	CashBalance8	_oZe7k4Z5Eee8r9VKRbnJSg	Type	Tp	Component	BalanceType13	1	1	Specifies the nature of a balance.
MEMBER	CashBalance8	_oZe7lYZ5Eee8r9VKRbnJSg	CreditLine	CdtLine	Component	CreditLine3	0	*	Set of elements used to provide details on the credit line.
MEMBER	CashBalance8	_oZe7l4Z5Eee8r9VKRbnJSg	Amount	Amt	Amount	ActiveOrHistoricCurrencyAndAmount	1	1	Amount of money of the cash balance.
MEMBER	CashBalance8	_oZe7mYZ5Eee8r9VKRbnJSg	CreditDebitIndicator	CdtDbtInd	Codeset	CreditDebitCode	1	1	Indicates whether the balance is a credit or a debit balance. |Usage: A zero balance is considered to be a credit balance.
MEMBER	CashBalance8	_oZe7m4Z5Eee8r9VKRbnJSg	Date	Dt	Choice	DateAndDateTime2Choice	1	1	Indicates the date (and time) of the balance.
MEMBER	CashBalance8	_oZe7nYZ5Eee8r9VKRbnJSg	Availability	Avlbty	Component	CashAvailability1	0	*	Set of elements used to indicate when the booked amount of money will become available, that is can be accessed and starts generating interest. ||Usage: This type of information is used in the US and is linked to particular instruments such as cheques.|Example: When a cheque is deposited, it will be booked on the deposit day, but the amount of money will only be accessible as of the indicated availability day (according to national banking regulations).
DATATYPE	BalanceType13	_1zHyMYalEeeUws0ZryHQ2w	MessageComponent	Registered	471469F0F1E3F336	Set of elements used to define the balance type and sub-type.
MEMBER	BalanceType13	_162x44alEeeUws0ZryHQ2w	CodeOrProprietary	CdOrPrtry	Choice	BalanceType10Choice	1	1	Coded or proprietary format balance type.
MEMBER	BalanceType13	_162x5YalEeeUws0ZryHQ2w	SubType	SubTp	Choice	BalanceSubType1Choice	0	1	Specifies the balance sub-type.
DATATYPE	CreditLine3	_oZe7n4Z5Eee8r9VKRbnJSg	MessageComponent	Registered	C80238979F717B82	Set of elements used to provide details of the credit line.
MEMBER	CreditLine3	_ohzxI4Z5Eee8r9VKRbnJSg	Included	Incl	Attribute	TrueFalseIndicator	1	1	Indicates whether or not the credit line is included in the balance.
MEMBER	CreditLine3	_tjAaIYZ5Eee8r9VKRbnJSg	Type	Tp	Choice	CreditLineType1Choice	0	1	Type of the credit line provided when multiple credit lines may be provided.
MEMBER	CreditLine3	_ohzxJYZ5Eee8r9VKRbnJSg	Amount	Amt	Amount	ActiveOrHistoricCurrencyAndAmount	0	1	Amount of money of the credit line.
MEMBER	CreditLine3	_-qXbALPcEeeppqgHuc69jg	Date	Dt	Choice	DateAndDateTime2Choice	0	1	Date of the credit line provided when multiple credit lines may be provided.
DATATYPE	CashAvailability1	_VYy83zqwEeWZFYSPlduMhw	MessageComponent	Registered	D0AB78958B863B5B	Indicates when the amount of money will become available, that is can be accessed and start generating interest.
MEMBER	CashAvailability1	_Vf2nEzqwEeWZFYSPlduMhw	Date	Dt	Choice	CashAvailabilityDate1Choice	1	1	Indicates when the amount of money will become available.
MEMBER	CashAvailability1	_Vf2nFTqwEeWZFYSPlduMhw	Amount	Amt	Amount	ActiveOrHistoricCurrencyAndAmount	1	1	Identifies the available amount.
MEMBER	CashAvailability1	_Vf2nFzqwEeWZFYSPlduMhw	CreditDebitIndicator	CdtDbtInd	Codeset	CreditDebitCode	1	1	Indicates whether the availability balance is a credit or a debit balance. |Usage: A zero balance is considered to be a credit balance.
DATATYPE	TotalTransactions6	_yGoqcYaGEee8r9VKRbnJSg	MessageComponent	Registered	8FA2A29E8C88E780	Set of elements used to provide summary information on entries.
MEMBER	TotalTransactions6	_yVb7cYaGEee8r9VKRbnJSg	TotalEntries	TtlNtries	Component	NumberAndSumOfTransactions4	0	1	Specifies the total number and sum of debit and credit entries.
MEMBER	TotalTransactions6	_yVb7c4aGEee8r9VKRbnJSg	TotalCreditEntries	TtlCdtNtries	Component	NumberAndSumOfTransactions1	0	1	Specifies the total number and sum of credit entries.
MEMBER	TotalTransactions6	_yVb7dYaGEee8r9VKRbnJSg	TotalDebitEntries	TtlDbtNtries	Component	NumberAndSumOfTransactions1	0	1	Specifies the total number and sum of debit entries.
MEMBER	TotalTransactions6	_yVb7d4aGEee8r9VKRbnJSg	TotalEntriesPerBankTransactionCode	TtlNtriesPerBkTxCd	Component	TotalsPerBankTransactionCode5	0	*	Specifies the total number and sum of entries per bank transaction code.
DATATYPE	NumberAndSumOfTransactions4	_lH52cyGxEeKjd4jizyIDGA	MessageComponent	Registered	799D522CB704A2C6	Set of elements providing the total sum of entries.
MEMBER	NumberAndSumOfTransactions4	_lc6dGSGxEeKjd4jizyIDGA	NumberOfEntries	NbOfNtries	Attribute	Max15NumericText	0	1	Number of individual entries included in the report.
MEMBER	NumberAndSumOfTransactions4	_lc6dHSGxEeKjd4jizyIDGA	Sum	Sum	Attribute	DecimalNumber	0	1	Total of all individual entries included in the report.
MEMBER	NumberAndSumOfTransactions4	_TjTFBimlEeKdFJmzhTDOvQ	TotalNetEntry	TtlNetNtry	Component	AmountAndDirection35	0	1	Resulting debit or credit amount of the netted amounts for all debit and credit entries.
DATATYPE	AmountAndDirection35	_mK6yUSmjEeKdFJmzhTDOvQ	MessageComponent	Registered	AF07C4B5AB4355B9	Resulting debit or credit amount of the netted amounts for all debit and credit entries.
MEMBER	AmountAndDirection35	_mgrm8SmjEeKdFJmzhTDOvQ	Amount	Amt	Attribute	NonNegativeDecimalNumber	1	1	Resulting amount of the netted amounts for all debit and credit entries.
MEMBER	AmountAndDirection35	_mgrm9SmjEeKdFJmzhTDOvQ	CreditDebitIndicator	CdtDbtInd	Codeset	CreditDebitCode	1	1	Indicates whether the amount is a credit or a debit amount.
DATATYPE	NumberAndSumOfTransactions1	_RU-M4Np-Ed-ak6NoX_4Aeg_1799173241	MessageComponent	Registered	106740BE188B407C	Set of elements providing the total sum of entries.
MEMBER	NumberAndSumOfTransactions1	_RU-M4dp-Ed-ak6NoX_4Aeg_-2019260221	NumberOfEntries	NbOfNtries	Attribute	Max15NumericText	0	1	Number of individual entries included in the report.
MEMBER	NumberAndSumOfTransactions1	_RU-M4tp-Ed-ak6NoX_4Aeg_-2019260161	Sum	Sum	Attribute	DecimalNumber	0	1	Total of all individual entries included in the report.
DATATYPE	TotalsPerBankTransactionCode5	_xkvGwaRgEeeKoo4sGOxgwA	MessageComponent	Registered	0AC9432F13262E46	Set of elements used to provide the total sum of entries per bank transaction code.
MEMBER	TotalsPerBankTransactionCode5	_xwGpQ6RgEeeKoo4sGOxgwA	NumberOfEntries	NbOfNtries	Attribute	Max15NumericText	0	1	Number of individual entries for the bank transaction code.
MEMBER	TotalsPerBankTransactionCode5	_xwGpRaRgEeeKoo4sGOxgwA	Sum	Sum	Attribute	DecimalNumber	0	1	Total of all individual entries included in the report.
MEMBER	TotalsPerBankTransactionCode5	_xwGpR6RgEeeKoo4sGOxgwA	TotalNetEntry	TtlNetNtry	Component	AmountAndDirection35	0	1	Total debit or credit amount that is the result of the netted amounts for all debit and credit entries per bank transaction code.
MEMBER	TotalsPerBankTransactionCode5	__32nEaRgEeeKoo4sGOxgwA	CreditEntries	CdtNtries	Component	NumberAndSumOfTransactions1	0	1	Number of individual credit entries for the bank transaction code.
MEMBER	TotalsPerBankTransactionCode5	__YYc0aRgEeeKoo4sGOxgwA	DebitEntries	DbtNtries	Component	NumberAndSumOfTransactions1	0	1	Number of individual debit entries for the bank transaction code.
MEMBER	TotalsPerBankTransactionCode5	_xwGpSaRgEeeKoo4sGOxgwA	ForecastIndicator	FcstInd	Attribute	TrueFalseIndicator	0	1	Indicates whether the bank transaction code is related to booked or forecast items.
MEMBER	TotalsPerBankTransactionCode5	_xwGpS6RgEeeKoo4sGOxgwA	BankTransactionCode	BkTxCd	Component	BankTransactionCodeStructure4	1	1	Set of elements used to fully identify the type of underlying transaction resulting in an entry.
MEMBER	TotalsPerBankTransactionCode5	_xwGpTaRgEeeKoo4sGOxgwA	Availability	Avlbty	Component	CashAvailability1	0	*	Set of elements used to indicate when the booked amount of money will become available, that is can be accessed and starts generating interest.
MEMBER	TotalsPerBankTransactionCode5	_0TZFYaRgEeeKoo4sGOxgwA	Date	Dt	Choice	DateAndDateTime2Choice	0	1	Indicates the date (and time) of the transaction summary.
DATATYPE	BankTransactionCodeStructure4	_TVbBtdp-Ed-ak6NoX_4Aeg_-549688189	MessageComponent	Registered	D33E0A3E1E743B5F	Set of elements used to identify the type or operations code of a transaction entry.
MEMBER	BankTransactionCodeStructure4	_TVbBttp-Ed-ak6NoX_4Aeg_-549687856	Domain	Domn	Component	BankTransactionCodeStructure5	0	1	Set of elements used to provide the domain, the family and the sub-family of the bank transaction code, in a structured and hierarchical format.||Usage: If a specific family or sub-family code cannot be provided, the generic family code defined for the domain or the generic sub-family code defined for the family should be provided.
MEMBER	BankTransactionCodeStructure4	_TVbBt9p-Ed-ak6NoX_4Aeg_-549687485	Proprietary	Prtry	Component	ProprietaryBankTransactionCodeStructure1	0	1	Bank transaction code in a proprietary form, as defined by the issuer.
DATATYPE	BankTransactionCodeStructure5	_TVbBstp-Ed-ak6NoX_4Aeg_-1809965694	MessageComponent	Registered	C92A53299CE26DD4	Set of elements used to identify the type or operations code of a transaction entry.
MEMBER	BankTransactionCodeStructure5	_TVbBs9p-Ed-ak6NoX_4Aeg_-1809965664	Code	Cd	Codeset	ExternalBankTransactionDomain1Code	1	1	Specifies the business area of the underlying transaction.
MEMBER	BankTransactionCodeStructure5	_TVbBtNp-Ed-ak6NoX_4Aeg_-1809965570	Family	Fmly	Component	BankTransactionCodeStructure6	1	1	Specifies the family and the sub-family of the bank transaction code, within a specific domain, in a structured and hierarchical format.
DATATYPE	BankTransactionCodeStructure6	_TVRQu9p-Ed-ak6NoX_4Aeg_1515822708	MessageComponent	Registered	BDBAEB72149EF6BD	Set of elements used to identify the type or operations code of a transaction entry.
MEMBER	BankTransactionCodeStructure6	_TVbBsNp-Ed-ak6NoX_4Aeg_1515822740	Code	Cd	Codeset	ExternalBankTransactionFamily1Code	1	1	Specifies the family within a domain.
MEMBER	BankTransactionCodeStructure6	_TVbBsdp-Ed-ak6NoX_4Aeg_1515822800	SubFamilyCode	SubFmlyCd	Codeset	ExternalBankTransactionSubFamily1Code	1	1	Specifies the sub-product family within a specific family.
DATATYPE	ProprietaryBankTransactionCodeStructure1	_TVRQtdp-Ed-ak6NoX_4Aeg_1519549154	MessageComponent	Registered	1E4A84FF58423116	Set of elements to fully identify a proprietary bank transaction code.
MEMBER	ProprietaryBankTransactionCodeStructure1	_TVRQttp-Ed-ak6NoX_4Aeg_1519549163	Code	Cd	Attribute	Max35Text	1	1	Proprietary bank transaction code to identify the underlying transaction.
MEMBER	ProprietaryBankTransactionCodeStructure1	_TVRQt9p-Ed-ak6NoX_4Aeg_2005322670	Issuer	Issr	Attribute	Max35Text	0	1	Identification of the issuer of the proprietary bank transaction code.
DATATYPE	ReportEntry16	d5052831-8e4d-435d-8212-4dd0e684ee02	MessageComponent	Registered	D506EEC1C7BFCD79	Provides further details on an entry in the report.
MEMBER	ReportEntry16	86315bce-cdfe-48d7-b8ab-5373a3ecd36b	EntryReference	NtryRef	Attribute	Max35Text	0	1	Unique reference for the entry.
MEMBER	ReportEntry16	d81c8fd0-1e29-4ca7-9cd5-3ed938e43727	Amount	Amt	Amount	ActiveOrHistoricCurrencyAndAmount	1	1	Amount of money in the cash entry.
MEMBER	ReportEntry16	f8d713c2-552a-4460-a1e8-cff8bf5ea4a6	CreditDebitIndicator	CdtDbtInd	Codeset	CreditDebitCode	1	1	Indicates whether the entry is a credit or a debit entry.
MEMBER	ReportEntry16	cf72152b-2a95-400a-beda-0a189ba94e8a	ReversalIndicator	RvslInd	Attribute	TrueFalseIndicator	0	1	Indicates whether or not the entry is the result of a reversal.|Usage: This element should only be present if the entry is the result of a reversal.|If the CreditDebitIndicator is CRDT and ReversalIndicator is Yes, the original operation was a debit entry.|If the CreditDebitIndicator is DBIT and ReversalIndicator is Yes, the original operation was a credit entry.
MEMBER	ReportEntry16	b08c126e-962e-489f-b0ec-a3910081c3ab	Status	Sts	Choice	EntryStatus1Choice	1	1	Status of an entry on the books of the account servicer.
MEMBER	ReportEntry16	adc7c210-b4f3-4267-a47d-00d2ae4b4aea	BookingDate	BookgDt	Choice	DateAndDateTime2Choice	0	1	Date and time when an entry is posted to an account on the account servicer's books.||Usage: Booking date is the expected booking date, unless the status is booked, in which case it is the actual booking date.
MEMBER	ReportEntry16	d6a80124-2ffe-498d-a24c-829fbbbf6627	ValueDate	ValDt	Choice	DateAndDateTime2Choice	0	1	Date and time at which assets become available to the account owner in case of a credit entry, or cease to be available to the account owner in case of a debit entry.|Usage: If entry status is pending and value date is present, then the value date refers to an expected/requested value date.|For entries subject to availability/float and for which availability information is provided, the value date must not be used. In this case the availability component identifies the number of availability days.
MEMBER	ReportEntry16	19f0fbf3-b4d3-4f9a-b0b1-a6c9ad123297	AccountServicerReference	AcctSvcrRef	Attribute	Max35Text	0	1	Unique reference as assigned by the account servicing institution to unambiguously identify the entry.
MEMBER	ReportEntry16	ab17ee17-b774-4d8f-9728-509622781699	Availability	Avlbty	Component	CashAvailability1	0	*	Indicates when the booked amount of money will become available, that is can be accessed and starts generating interest. ||Usage: This type of information is used in the US and is linked to particular instruments such as cheques.|Example: When a cheque is deposited, it will be booked on the deposit day, but the amount of money will only be accessible as of the indicated availability day (according to national banking regulations).
MEMBER	ReportEntry16	39e03e1d-4428-4f8a-b63a-e0e4dceb750d	BankTransactionCode	BkTxCd	Component	BankTransactionCodeStructure4	1	1	Set of elements used to fully identify the type of underlying transaction resulting in an entry.
MEMBER	ReportEntry16	cdb94099-5ce4-42c4-90f8-e41d6ef5c659	CommissionWaiverIndicator	ComssnWvrInd	Attribute	YesNoIndicator	0	1	Indicates whether the transaction is exempt from commission.
MEMBER	ReportEntry16	b38188e3-367f-4d29-bd32-6def32711a68	AdditionalInformationIndicator	AddtlInfInd	Component	MessageIdentification2	0	1	Indicates whether the underlying transaction details are provided through a separate message, as in the case of aggregate bookings.
MEMBER	ReportEntry16	b3c278c2-2a33-453b-87c2-e7b52e187295	AmountDetails	AmtDtls	Component	AmountAndCurrencyExchange4	0	1	Provides information on the original amount.||Usage: This component (on entry level) should be used when a total original batch or aggregate amount has to be provided. If required, the individual original amounts can be included in the same component on transaction details level.
MEMBER	ReportEntry16	f404d990-754a-482c-b059-77cc8858974b	Charges	Chrgs	Component	Charges15	0	1	Provides information on the charges, pre-advised or included in the entry amount.||Usage: This component is used on entry level in case of batch or aggregate bookings.
MEMBER	ReportEntry16	7a15c93a-cf43-41ae-a422-ee90f4bdabb8	TechnicalInputChannel	TechInptChanl	Choice	TechnicalInputChannel1Choice	0	1	Channel used to technically input the instruction related to the entry.
MEMBER	ReportEntry16	ad030efb-a145-470d-bffe-858f88951da7	Interest	Intrst	Component	TransactionInterest4	0	1	Provides details of the interest amount included in the entry amount.||Usage: This component is used on entry level in the case of batch or aggregate bookings.
MEMBER	ReportEntry16	9716d488-15fd-48aa-8c9a-1c311c1d4f19	CardTransaction	CardTx	Component	CardEntry5	0	1	Provides details of the card transaction included in the entry amount, when globalised by the account servicer.
MEMBER	ReportEntry16	6553e510-60c9-40ff-9815-9b4514fad9db	EntryDetails	NtryDtls	Component	EntryDetails16	0	*	Provides details on the entry.
MEMBER	ReportEntry16	2b7c8800-9304-4f13-86b7-f467034edd60	AdditionalEntryInformation	AddtlNtryInf	Attribute	Max500Text	0	1	Further details of the entry.
DATATYPE	MessageIdentification2	_RUE1Bdp-Ed-ak6NoX_4Aeg_-806411710	MessageComponent	Registered	93F973CFB610F8E3	Set of elements providing the identification of a message.
MEMBER	MessageIdentification2	_RUE1Btp-Ed-ak6NoX_4Aeg_-705747842	MessageNameIdentification	MsgNmId	Attribute	Max35Text	0	1	Specifies the message name identifier of the message that will be used to provide additional details.
MEMBER	MessageIdentification2	_RUE1B9p-Ed-ak6NoX_4Aeg_-705747860	MessageIdentification	MsgId	Attribute	Max35Text	0	1	Specifies the identification of the message that will be used to provide additional details.
DATATYPE	AmountAndCurrencyExchange4	_l5QfsQ5rEe2xs7BqO31w6w	MessageComponent	Registered	7B1742FF932FF0B9	Set of elements used to provide information on the original amount.
MEMBER	AmountAndCurrencyExchange4	_mEI6Aw5rEe2xs7BqO31w6w	InstructedAmount	InstdAmt	Component	AmountAndCurrencyExchangeDetails5	0	1	Identifies the amount of money to be moved between the debtor and creditor, before deduction of charges, expressed in the currency as ordered by the initiating party and provides currency exchange information in case the instructed amount and/or currency is/are different from the entry amount and/or currency.
MEMBER	AmountAndCurrencyExchange4	_mEI6BQ5rEe2xs7BqO31w6w	TransactionAmount	TxAmt	Component	AmountAndCurrencyExchangeDetails5	0	1	Amount of the underlying transaction.
MEMBER	AmountAndCurrencyExchange4	_mEI6Bw5rEe2xs7BqO31w6w	CounterValueAmount	CntrValAmt	Component	AmountAndCurrencyExchangeDetails5	0	1	Set of elements used to provide the countervalue amount and currency exchange information. |Usage: This can be either the counter amount quoted in an FX deal, or the result of the currency information applied to an instructed amount, before deduction of charges.
MEMBER	AmountAndCurrencyExchange4	_mEI6CQ5rEe2xs7BqO31w6w	AnnouncedPostingAmount	AnncdPstngAmt	Component	AmountAndCurrencyExchangeDetails5	0	1	Amount of money, based on terms of corporate action event and balance of underlying securities, entitled to/from the account owner.|In some situations, this amount may alternatively be called entitled amount.
MEMBER	AmountAndCurrencyExchange4	_mEI6Cw5rEe2xs7BqO31w6w	ProprietaryAmount	PrtryAmt	Component	AmountAndCurrencyExchangeDetails6	0	*	Set of elements used to provide information on the original amount and currency exchange.
DATATYPE	AmountAndCurrencyExchangeDetails5	_mEJhEQ5rEe2xs7BqO31w6w	MessageComponent	Registered	50E4B0C7418BE9C4	Set of elements used to provide information on the original amount and currency exchange.
MEMBER	AmountAndCurrencyExchangeDetails5	_mOGHQw5rEe2xs7BqO31w6w	Amount	Amt	Amount	ActiveOrHistoricCurrencyAndAmount	1	1	Amount of money to be moved between the debtor and creditor, before deduction of charges, expressed in the currency as ordered by the initiating party.
MEMBER	AmountAndCurrencyExchangeDetails5	_mOGHRQ5rEe2xs7BqO31w6w	CurrencyExchange	CcyXchg	Component	CurrencyExchange24	0	1	Set of elements used to provide details on the currency exchange.
DATATYPE	CurrencyExchange24	_mOGuUQ5rEe2xs7BqO31w6w	MessageComponent	Registered	6D6F163BA5CCD176	Set of elements used to provide details of the currency exchange.
MEMBER	CurrencyExchange24	_mY_Iow5rEe2xs7BqO31w6w	SourceCurrency	SrcCcy	Codeset	ActiveOrHistoricCurrencyCode	1	1	Currency from which an amount is to be converted in a currency conversion.
MEMBER	CurrencyExchange24	_mY_IpQ5rEe2xs7BqO31w6w	TargetCurrency	TrgtCcy	Codeset	ActiveOrHistoricCurrencyCode	0	1	Currency into which an amount is to be converted in a currency conversion.
MEMBER	CurrencyExchange24	_mY_Ipw5rEe2xs7BqO31w6w	UnitCurrency	UnitCcy	Codeset	ActiveOrHistoricCurrencyCode	0	1	Currency in which the rate of exchange is expressed in a currency exchange. In the example 1GBP = xxxCUR, the unit currency is GBP.
MEMBER	CurrencyExchange24	_mY_IqQ5rEe2xs7BqO31w6w	ExchangeRate	XchgRate	Attribute	BaseOneRate	1	1	Factor used to convert an amount from one currency into another. This reflects the price at which one currency was bought with another currency.||Usage: ExchangeRate expresses the ratio between UnitCurrency and QuotedCurrency (ExchangeRate = UnitCurrency/QuotedCurrency).
MEMBER	CurrencyExchange24	_mY_IsQ5rEe2xs7BqO31w6w	ContractIdentification	CtrctId	Attribute	Max35Text	0	1	Unique identification to unambiguously identify the foreign exchange contract.
MEMBER	CurrencyExchange24	_mY_Isw5rEe2xs7BqO31w6w	QuotationDate	QtnDt	Attribute	ISODateTime	0	1	Date and time at which an exchange rate is quoted.
MEMBER	CurrencyExchange24	_g2od4A5sEe2xs7BqO31w6w	ExchangeRateBase	XchgRateBase	Attribute	PositiveNumber	0	1	Expresses the ratio between the base of the denomination of the Unit Currency to the base of the denomination of the Quoted Currency.
DATATYPE	AmountAndCurrencyExchangeDetails6	_mY_vsQ5rEe2xs7BqO31w6w	MessageComponent	Registered	97191AEC74BA0F99	Set of elements used to provide information on the original amount and currency exchange.
MEMBER	AmountAndCurrencyExchangeDetails6	_mjB1cw5rEe2xs7BqO31w6w	Type	Tp	Attribute	Max35Text	1	1	Specifies the type of amount.
MEMBER	AmountAndCurrencyExchangeDetails6	_mjB1dQ5rEe2xs7BqO31w6w	Amount	Amt	Amount	ActiveOrHistoricCurrencyAndAmount	1	1	Amount of money to be exchanged against another amount of money in the counter currency.
MEMBER	AmountAndCurrencyExchangeDetails6	_mjB1dw5rEe2xs7BqO31w6w	CurrencyExchange	CcyXchg	Component	CurrencyExchange24	0	1	Set of elements used to provide details on the currency exchange.
DATATYPE	Charges15	_xv4UXzEyEe6g-ffJsqGiSA	MessageComponent	Registered	4CFFC0CBB8082705	Provides further details on the charges related to the payment transaction.
MEMBER	Charges15	_xyKzUTEyEe6g-ffJsqGiSA	TotalChargesAndTaxAmount	TtlChrgsAndTaxAmt	Amount	ActiveOrHistoricCurrencyAndAmount	0	1	Total of all charges and taxes applied to the entry.
MEMBER	Charges15	_xyKzUzEyEe6g-ffJsqGiSA	Record	Rcrd	Component	ChargesRecord8	0	*	Provides details of the individual charges record.
DATATYPE	ChargesRecord8	_xyKzVTEyEe6g-ffJsqGiSA	MessageComponent	Registered	25312DD12A7EBB69	Provides further individual record details on the charges related to the payment transaction.
MEMBER	ChargesRecord8	_x0crQTEyEe6g-ffJsqGiSA	Amount	Amt	Amount	ActiveOrHistoricCurrencyAndAmount	1	1	Transaction charges to be paid by the charge bearer.
MEMBER	ChargesRecord8	_x0crQzEyEe6g-ffJsqGiSA	CreditDebitIndicator	CdtDbtInd	Codeset	CreditDebitCode	0	1	Indicates whether the charges amount is a credit or a debit amount. |Usage: A zero amount is considered to be a credit.
MEMBER	ChargesRecord8	_x0crRTEyEe6g-ffJsqGiSA	ChargeIncludedIndicator	ChrgInclInd	Attribute	ChargeIncludedIndicator	0	1	Indicates whether the charge should be included in the amount or is added as pre-advice.
MEMBER	ChargesRecord8	_x0crRzEyEe6g-ffJsqGiSA	Type	Tp	Choice	ChargeType3Choice	0	1	Specifies the type of charge.
MEMBER	ChargesRecord8	_x0crSTEyEe6g-ffJsqGiSA	Rate	Rate	Attribute	PercentageRate	0	1	Rate used to calculate the amount of the charge or fee.
MEMBER	ChargesRecord8	_x0crSzEyEe6g-ffJsqGiSA	Bearer	Br	Codeset	ChargeBearerType1Code	0	1	Specifies which party/parties will bear the charges associated with the processing of the payment transaction.
MEMBER	ChargesRecord8	_x0crTTEyEe6g-ffJsqGiSA	Agent	Agt	Component	BranchAndFinancialInstitutionIdentification8	0	1	Agent that takes the transaction charges or to which the transaction charges are due.
MEMBER	ChargesRecord8	_x0crTzEyEe6g-ffJsqGiSA	Tax	Tax	Component	TaxCharges2	0	1	Provides details on the tax applied to charges.
DATATYPE	TransactionInterest4	_t6wQa66QEeexrtTFgmVD3Q	MessageComponent	Registered	731BD3805B0012F0	Provide further details on transaction specific interest information that applies to the underlying transaction.
MEMBER	TransactionInterest4	_uDYn066QEeexrtTFgmVD3Q	TotalInterestAndTaxAmount	TtlIntrstAndTaxAmt	Amount	ActiveOrHistoricCurrencyAndAmount	0	1	Total amount of interests and taxes included in the entry amount.
MEMBER	TransactionInterest4	_uDYn1a6QEeexrtTFgmVD3Q	Record	Rcrd	Component	InterestRecord2	0	*	Individual interest record.
DATATYPE	InterestRecord2	_uDYn166QEeexrtTFgmVD3Q	MessageComponent	Registered	927BB8DACC8BE778	Provides transaction specific interest information that applies to the underlying transaction.
MEMBER	InterestRecord2	_uMKJU66QEeexrtTFgmVD3Q	Amount	Amt	Amount	ActiveOrHistoricCurrencyAndAmount	1	1	Amount of interest included in the entry amount.
MEMBER	InterestRecord2	_uMKJVa6QEeexrtTFgmVD3Q	CreditDebitIndicator	CdtDbtInd	Codeset	CreditDebitCode	1	1	Indicates whether the interest amount included in the entry is credit or debit amount.|Usage: A zero amount is considered to be a credit.
MEMBER	InterestRecord2	_uMKJV66QEeexrtTFgmVD3Q	Type	Tp	Choice	InterestType1Choice	0	1	Specifies the type of interest.
MEMBER	InterestRecord2	_uMKJWa6QEeexrtTFgmVD3Q	Rate	Rate	Component	Rate4	0	1	Set of elements used to qualify the interest rate.
MEMBER	InterestRecord2	_uMKJW66QEeexrtTFgmVD3Q	FromToDate	FrToDt	Component	DateTimePeriod1	0	1	Range of time between a start date and an end date for the calculation of the interest.
MEMBER	InterestRecord2	_uMKJXa6QEeexrtTFgmVD3Q	Reason	Rsn	Attribute	Max35Text	0	1	Specifies the reason for the interest.
MEMBER	InterestRecord2	_uMKJX66QEeexrtTFgmVD3Q	Tax	Tax	Component	TaxCharges2	0	1	Provides details on the tax applied to charges.
DATATYPE	CardEntry5	_bdHtUdcZEeqRFcf2R4bPBw	MessageComponent	Registered	D77970C355329CA4	Card transaction entry.
MEMBER	CardEntry5	_beoJMdcZEeqRFcf2R4bPBw	Card	Card	Component	PaymentCard4	0	1	Electronic money product that provides the cardholder with a portable and specialised computer device, which typically contains a microprocessor.
MEMBER	CardEntry5	_beoJM9cZEeqRFcf2R4bPBw	POI	POI	Component	PointOfInteraction1	0	1	Physical or logical card payment terminal containing software and hardware components.
MEMBER	CardEntry5	_beoJNdcZEeqRFcf2R4bPBw	AggregatedEntry	AggtdNtry	Component	CardAggregated2	0	1	Card entry details, based on card transaction aggregated data performed by the account servicer.
MEMBER	CardEntry5	_beoJN9cZEeqRFcf2R4bPBw	PrePaidAccount	PrePdAcct	Component	CashAccount40	0	1	Prepaid account for the transfer or loading of an amount of money.
DATATYPE	PaymentCard4	_t6iQoFkyEeGeoaLUQk__nA_2134907969	MessageComponent	Registered	A11CC348B926CC05	Electronic money product that provides the cardholder with a portable and specialised computer device, which typically contains a microprocessor.
MEMBER	PaymentCard4	_t6iQoVkyEeGeoaLUQk__nA_-603884814	PlainCardData	PlainCardData	Component	PlainCardData1	0	1	Sensitive data associated with the card performing the transaction.
MEMBER	PaymentCard4	_t6iQolkyEeGeoaLUQk__nA_1737660243	CardCountryCode	CardCtryCd	Attribute	Exact3NumericText	0	1	Country code assigned to the card by the card issuer.
MEMBER	PaymentCard4	_t6iQo1kyEeGeoaLUQk__nA_434019823	CardBrand	CardBrnd	Component	GenericIdentification1	0	1	Brand name of the card.
MEMBER	PaymentCard4	_t6iQpFkyEeGeoaLUQk__nA_-642875600	AdditionalCardData	AddtlCardData	Attribute	Max70Text	0	1	Additional card issuer specific data.
DATATYPE	PlainCardData1	_SqR5xwEcEeCQm6a_G2yO_w_-540118057	MessageComponent	Registered	B8E631B1A61E2701	Sensible data associated with the payment card performing the transaction.
MEMBER	PlainCardData1	_SqR5yAEcEeCQm6a_G2yO_w_-1641712788	PAN	PAN	Attribute	Min8Max28NumericText	1	1	Primary Account Number (PAN) of the card, or card number.
MEMBER	PlainCardData1	_SqR5yQEcEeCQm6a_G2yO_w_-1673683552	CardSequenceNumber	CardSeqNb	Attribute	Min2Max3NumericText	0	1	Identify a card inside a set of cards with the same card number (PAN).
MEMBER	PlainCardData1	_SqR5ygEcEeCQm6a_G2yO_w_-1981754175	EffectiveDate	FctvDt	Attribute	ISOYearMonth	0	1	Date as from which the card can be used.
MEMBER	PlainCardData1	_SqR5ywEcEeCQm6a_G2yO_w_2121563308	ExpiryDate	XpryDt	Attribute	ISOYearMonth	1	1	Expiry date of the card.
MEMBER	PlainCardData1	_SqR5zAEcEeCQm6a_G2yO_w_1887688472	ServiceCode	SvcCd	Attribute	Exact3NumericText	0	1	Services attached to the card, as defined in ISO 7813.
MEMBER	PlainCardData1	_SqR5zQEcEeCQm6a_G2yO_w_-1854751741	TrackData	TrckData	Component	TrackData1	0	*	Magnetic track or equivalent payment card data.
MEMBER	PlainCardData1	_SqR5zgEcEeCQm6a_G2yO_w_-155223564	CardSecurityCode	CardSctyCd	Component	CardSecurityInformation1	0	1	Card security code (CSC) associated with the card performing the transaction.
DATATYPE	TrackData1	_Sqk0swEcEeCQm6a_G2yO_w_184409498	MessageComponent	Registered	E4450DCD0CEF93C9	Magnetic track or equivalent payment card data.
MEMBER	TrackData1	_Sqk0tAEcEeCQm6a_G2yO_w_-165337927	TrackNumber	TrckNb	Attribute	Exact1NumericText	0	1	Track number of the card.
MEMBER	TrackData1	_Sqk0tQEcEeCQm6a_G2yO_w_-1883337047	TrackValue	TrckVal	Attribute	Max140Text	1	1	Card track content or equivalent.
DATATYPE	CardSecurityInformation1	_SqR5xAEcEeCQm6a_G2yO_w_383431093	MessageComponent	Registered	B6E865A257904220	Card security code (CSC) associated with the card performing the transaction.
MEMBER	CardSecurityInformation1	_SqR5xQEcEeCQm6a_G2yO_w_-2115154942	CSCManagement	CSCMgmt	Codeset	CSCManagement1Code	1	1	Card security code (CSC) management associated with the transaction.
MEMBER	CardSecurityInformation1	_SqR5xgEcEeCQm6a_G2yO_w_494973003	CSCValue	CSCVal	Attribute	Min3Max4NumericText	0	1	Card security code (CSC).
DATATYPE	PointOfInteraction1	_TGSgUwEcEeCQm6a_G2yO_w_-296140444	MessageComponent	Registered	FCF4C8B883E2BC2B	Point of interaction (POI) performing the transaction.
MEMBER	PointOfInteraction1	_TGSgVAEcEeCQm6a_G2yO_w_-207441180	Identification	Id	Component	GenericIdentification32	1	1	Identification of the POI (Point Of Interaction) for the acquirer or its agent.
MEMBER	PointOfInteraction1	_TGSgVQEcEeCQm6a_G2yO_w_-1099975138	SystemName	SysNm	Attribute	Max70Text	0	1	Common name assigned by the acquirer to the POI system.
MEMBER	PointOfInteraction1	_TGSgVgEcEeCQm6a_G2yO_w_1185035300	GroupIdentification	GrpId	Attribute	Max35Text	0	1	Identifier assigned by the merchant identifying a set of POI terminals performing some categories of transactions.
MEMBER	PointOfInteraction1	_TGSgVwEcEeCQm6a_G2yO_w_-1178938770	Capabilities	Cpblties	Component	PointOfInteractionCapabilities1	0	1	Capabilities of the POI performing the transaction.
MEMBER	PointOfInteraction1	_TGSgWAEcEeCQm6a_G2yO_w_-844354331	Component	Cmpnt	Component	PointOfInteractionComponent1	0	*	Data related to a component of the POI performing the transaction.
DATATYPE	GenericIdentification32	_Sk6RmQEcEeCQm6a_G2yO_w_-1911882439	MessageComponent	Registered	30EE451B21D9896D	Identification of an entity.
MEMBER	GenericIdentification32	_Sk6RmgEcEeCQm6a_G2yO_w_1425850890	Identification	Id	Attribute	Max35Text	1	1	Identification of the entity.
MEMBER	GenericIdentification32	_Sk6RmwEcEeCQm6a_G2yO_w_517323251	Type	Tp	Codeset	PartyType3Code	0	1	Type of identified entity.
MEMBER	GenericIdentification32	_Sk6RnAEcEeCQm6a_G2yO_w_-1678183960	Issuer	Issr	Codeset	PartyType4Code	0	1	Entity assigning the identification (for example merchant, acceptor, acquirer, or tax authority).
MEMBER	GenericIdentification32	_Sk6RnQEcEeCQm6a_G2yO_w_1295505166	ShortName	ShrtNm	Attribute	Max35Text	0	1	Name of the entity.
DATATYPE	PointOfInteractionCapabilities1	_TGJWagEcEeCQm6a_G2yO_w_-1706794151	MessageComponent	Registered	5C64E67D2D92A482	Capabilities of the POI performing the transaction.
MEMBER	PointOfInteractionCapabilities1	_TGJWawEcEeCQm6a_G2yO_w_477826154	CardReadingCapabilities	CardRdngCpblties	Codeset	CardDataReading1Code	0	*	Card reading capabilities of the POI performing the transaction.
MEMBER	PointOfInteractionCapabilities1	_TGJWbAEcEeCQm6a_G2yO_w_1143315363	CardholderVerificationCapabilities	CrdhldrVrfctnCpblties	Codeset	CardholderVerificationCapability1Code	0	*	Cardholder verification capabilities of the POI performing the transaction.
MEMBER	PointOfInteractionCapabilities1	_TGSgUAEcEeCQm6a_G2yO_w_1272910628	OnLineCapabilities	OnLineCpblties	Codeset	OnLineCapability1Code	0	1	On-line and off-line capabilities of the POI.
MEMBER	PointOfInteractionCapabilities1	_TGSgUQEcEeCQm6a_G2yO_w_666196014	DisplayCapabilities	DispCpblties	Component	DisplayCapabilities1	0	*	Capabilities of the display components performing the transaction.
MEMBER	PointOfInteractionCapabilities1	_TGSgUgEcEeCQm6a_G2yO_w_-1182970689	PrintLineWidth	PrtLineWidth	Attribute	Max3NumericText	0	1	Number of columns of the printer component.
DATATYPE	DisplayCapabilities1	_TGJWZgEcEeCQm6a_G2yO_w_-976075927	MessageComponent	Registered	A30689A6AE68A6ED	The capabilities of the display components performing the transaction.
MEMBER	DisplayCapabilities1	_TGJWZwEcEeCQm6a_G2yO_w_-1888573626	DisplayType	DispTp	Codeset	UserInterface2Code	1	1	Type of display (for example merchant or cardholder).
MEMBER	DisplayCapabilities1	_TGJWaAEcEeCQm6a_G2yO_w_-1153627396	NumberOfLines	NbOfLines	Attribute	Max3NumericText	1	1	Number of lines of the display component.
MEMBER	DisplayCapabilities1	_TGJWaQEcEeCQm6a_G2yO_w_1903246972	LineWidth	LineWidth	Attribute	Max3NumericText	1	1	Number of columns of the display component.
DATATYPE	PointOfInteractionComponent1	_TF_lcAEcEeCQm6a_G2yO_w_1888102349	MessageComponent	Registered	A688D83BD620EE91	Data related to a component of the POI performing the transaction.
MEMBER	PointOfInteractionComponent1	_TGJWYAEcEeCQm6a_G2yO_w_1976021057	POIComponentType	POICmpntTp	Codeset	POIComponentType1Code	1	1	Type of component belonging to a POI Terminal.
MEMBER	PointOfInteractionComponent1	_TGJWYQEcEeCQm6a_G2yO_w_-1584000009	ManufacturerIdentification	ManfctrId	Attribute	Max35Text	0	1	Identification of the software, hardware or system provider of the POI component.
MEMBER	PointOfInteractionComponent1	_TGJWYgEcEeCQm6a_G2yO_w_409052691	Model	Mdl	Attribute	Max35Text	0	1	Identification of a model of POI component for a given manufacturer.
MEMBER	PointOfInteractionComponent1	_TGJWYwEcEeCQm6a_G2yO_w_702199434	VersionNumber	VrsnNb	Attribute	Max16Text	0	1	Version of component belonging to a given model.
MEMBER	PointOfInteractionComponent1	_TGJWZAEcEeCQm6a_G2yO_w_-1015799686	SerialNumber	SrlNb	Attribute	Max35Text	0	1	Serial number of a component.
MEMBER	PointOfInteractionComponent1	_TGJWZQEcEeCQm6a_G2yO_w_1420031608	ApprovalNumber	ApprvlNb	Attribute	Max70Text	0	*	Unique approval number for a component, delivered by a certification body.|Usage: More than one approval number could be present, when assigned by different bodies. The certification body identification must be provided within the approval number (for example at the beginning of the value).
DATATYPE	CardAggregated2	_SkavGa6BEeexrtTFgmVD3Q	MessageComponent	Registered	5A4224E14D87DFFC	Globalised card transaction entry details.
MEMBER	CardAggregated2	_StCfka6BEeexrtTFgmVD3Q	AdditionalService	AddtlSvc	Codeset	CardPaymentServiceType2Code	0	1	Service in addition to the main service.
MEMBER	CardAggregated2	_StCfk66BEeexrtTFgmVD3Q	TransactionCategory	TxCtgy	Codeset	ExternalCardTransactionCategory1Code	0	1	Category code conform to ISO 18245, related to the type of services or goods the merchant provides for the transaction.
MEMBER	CardAggregated2	_StCfla6BEeexrtTFgmVD3Q	SaleReconciliationIdentification	SaleRcncltnId	Attribute	Max35Text	0	1	Unique identification of the sales reconciliation period between the acceptor and the acquirer. This identification might be linked to the identification of the settlement for further verification by the merchant.
MEMBER	CardAggregated2	_StCfl66BEeexrtTFgmVD3Q	SequenceNumberRange	SeqNbRg	Component	CardSequenceNumberRange1	0	1	Range of sequence numbers on which the globalisation applies.
MEMBER	CardAggregated2	_StCfma6BEeexrtTFgmVD3Q	TransactionDateRange	TxDtRg	Choice	DateOrDateTimePeriod1Choice	0	1	Date range on which the globalisation applies.
DATATYPE	CardSequenceNumberRange1	_t5o4wVkyEeGeoaLUQk__nA_-981636366	MessageComponent	Registered	93F0921680FAED5C	Range of sequence numbers related to card transactions.
MEMBER	CardSequenceNumberRange1	_t5o4wlkyEeGeoaLUQk__nA_1543954032	FirstTransaction	FrstTx	Attribute	Max35Text	0	1	CardSequenceNumberRange1: FirstTransactionSequenceNumberMessage element to be finalised once feedback from Card SEG has been received.
MEMBER	CardSequenceNumberRange1	_t5ypwFkyEeGeoaLUQk__nA_407420783	LastTransaction	LastTx	Attribute	Max35Text	0	1	CardSequenceNumberRange1: LastTransactionSequenceNumberMessage element to be finalised once feedback from Card SEG has been received.
DATATYPE	EntryDetails16	f37a9c75-bb94-4d3b-9fd4-a92231f41be9	MessageComponent	Registered	4D4383199B1581B5	Identifies the underlying transaction(s) and/or batched entries.
MEMBER	EntryDetails16	02a784dc-e6c7-42e6-9922-0fcaa093d29b	Batch	Btch	Component	BatchInformation2	0	1	Provides details on batched transactions.
MEMBER	EntryDetails16	e7918090-f987-4885-bbae-8c889078120d	TransactionDetails	TxDtls	Component	EntryTransaction16	0	*	Provides information on the underlying transaction(s).
DATATYPE	BatchInformation2	_RpiHptp-Ed-ak6NoX_4Aeg_-252918012	MessageComponent	Registered	820B4EDB9FF45084	Set of elements used to identify the underlying batches.
MEMBER	BatchInformation2	_RpiHp9p-Ed-ak6NoX_4Aeg_-252918010	MessageIdentification	MsgId	Attribute	Max35Text	0	1	Point to point reference, as assigned by the sending party, to unambiguously identify the batch of transactions.
MEMBER	BatchInformation2	_RpiHqNp-Ed-ak6NoX_4Aeg_-252917734	PaymentInformationIdentification	PmtInfId	Attribute	Max35Text	0	1	Unique identification, as assigned by a sending party, to unambiguously identify the payment information group within the message.
MEMBER	BatchInformation2	_RpiHqdp-Ed-ak6NoX_4Aeg_-252917703	NumberOfTransactions	NbOfTxs	Attribute	Max15NumericText	0	1	Number of individual transactions included in the batch.
MEMBER	BatchInformation2	_RpiHqtp-Ed-ak6NoX_4Aeg_1213636497	TotalAmount	TtlAmt	Amount	ActiveOrHistoricCurrencyAndAmount	0	1	Total amount of money reported in the batch entry.
MEMBER	BatchInformation2	_Rpr4oNp-Ed-ak6NoX_4Aeg_1244110856	CreditDebitIndicator	CdtDbtInd	Codeset	CreditDebitCode	0	1	Indicates whether the batch entry is a credit or a debit entry.
DATATYPE	EntryTransaction16	abf179f1-76c3-41dd-a82f-b59e8abd7141	MessageComponent	Registered	D4DBC787E3D665CF	Identifies the underlying transaction.
MEMBER	EntryTransaction16	bf140292-9600-4dff-b898-139f082bc45b	References	Refs	Component	TransactionReferences10	0	1	Provides the identification of the underlying transaction.
MEMBER	EntryTransaction16	802e6798-6eac-4974-89b9-8386e0b4d76a	Amount	Amt	Amount	ActiveOrHistoricCurrencyAndAmount	0	1	Amount of money in the cash transaction.
MEMBER	EntryTransaction16	4ca922dd-31a1-45ed-937c-130ffcc55da8	CreditDebitIndicator	CdtDbtInd	Codeset	CreditDebitCode	0	1	Indicates whether the transaction is a credit or a debit transaction.
MEMBER	EntryTransaction16	b96a9ac3-e7bb-4c61-8693-e6c314cfc364	AmountDetails	AmtDtls	Component	AmountAndCurrencyExchange4	0	1	Provides detailed information on the original amount.||Usage: This component (on transaction level) should be used in case booking is for a single transaction and the original amount is different from the entry amount. It can also be used in case individual original amounts are provided in case of a batch or aggregate booking.
MEMBER	EntryTransaction16	fd1cb30c-ea6a-4d73-8b8e-bbcd900cfedf	Availability	Avlbty	Component	CashAvailability1	0	*	Indicates when the booked amount of money will become available, that is can be accessed and starts generating interest. ||Usage: This type of information is used in the US and is linked to particular instruments such as cheques.|Example: When a cheque is deposited, it will be booked on the deposit day, but the amount of money will only be accessible as of the indicated availability day (according to national banking regulations).
MEMBER	EntryTransaction16	8a3fbf28-a89d-4c98-9b9f-53d03e52427c	BankTransactionCode	BkTxCd	Component	BankTransactionCodeStructure4	0	1	Set of elements used to fully identify the type of underlying transaction resulting in an entry.
MEMBER	EntryTransaction16	3c220e02-f872-4d9d-80f8-48143c937c73	Charges	Chrgs	Component	Charges15	0	1	Provides information on the charges, pre-advised or included in the entry amount.||Usage: This component (on transaction level) can be used in case the booking is for a single transaction, and charges are included in the entry amount. It can also be used in case individual charge amounts are applied to individual transactions in case of a batch or aggregate amount booking.
MEMBER	EntryTransaction16	e382fb8c-c5ec-4dba-9db6-9eab095199f9	Interest	Intrst	Component	TransactionInterest4	0	1	Provides details of the interest amount included in the entry amount.||Usage: This component (on transaction level) can be used if the booking is for a single transaction, and interest amount is included in the entry amount. It can also be used if individual interest amounts are applied to individual transactions in the case of a batch or aggregate amount booking.
MEMBER	EntryTransaction16	0e9615cc-baaf-41c5-b259-6e9c3401ed64	RelatedParties	RltdPties	Component	TransactionParties12	0	1	Set of elements used to identify the parties related to the underlying transaction.
MEMBER	EntryTransaction16	77f56115-c54e-42fe-b8d9-44a5c1b4339b	RelatedAgents	RltdAgts	Component	TransactionAgents6	0	1	Set of elements used to identify the agents related to the underlying transaction.
MEMBER	EntryTransaction16	83c4d65b-0a36-4a96-8f53-bfd50c5c447d	LocalInstrument	LclInstrm	Choice	LocalInstrument2Choice	0	1	User community specific instrument.|Usage: This element is used to specify a local instrument, local clearing option and/or further qualify the service or service level.
MEMBER	EntryTransaction16	c047daaf-92f3-48af-b166-40edc8414893	PaymentTypeInformation	PmtTpInf	Component	PaymentTypeInformation27	0	1	Set of elements used to further specify the type of transaction.
MEMBER	EntryTransaction16	41de215b-fe2b-400c-91be-6a2c6b70e24c	Purpose	Purp	Choice	Purpose2Choice	0	1	Underlying reason for the payment transaction.|Usage: Purpose is used by the end-customers, that is initiating party, (ultimate) debtor, (ultimate) creditor to provide information concerning the nature of the payment. Purpose is a content element, which is not used for processing by any of the agents involved in the payment chain.
MEMBER	EntryTransaction16	c535dda3-72d5-40e7-bc42-840f63f8907e	RelatedRemittanceInformation	RltdRmtInf	Component	RemittanceLocation8	0	10	Provides information related to the handling of the remittance information by any of the agents in the transaction processing chain.
MEMBER	EntryTransaction16	2f4baee6-e1e2-4231-b93d-b8965393b089	RemittanceInformation	RmtInf	Component	RemittanceInformation26	0	1	Structured information that enables the matching, that is reconciliation, of a payment with the items that the payment is intended to settle, such as commercial invoices in an account receivable system.
MEMBER	EntryTransaction16	28e78153-530a-4c62-ac45-75bda2e1b3c3	RelatedDates	RltdDts	Component	TransactionDates3	0	1	Set of elements used to identify the dates related to the underlying transactions.
MEMBER	EntryTransaction16	da7586b1-51e6-4fcd-9195-4b871566640d	RelatedPrice	RltdPric	Choice	TransactionPrice4Choice	0	1	Set of elements used to identify the price information related to the underlying transaction.
MEMBER	EntryTransaction16	c730fd35-0dcf-4c5d-84c7-ac0e45ba5e1b	RelatedQuantities	RltdQties	Choice	TransactionQuantities4Choice	0	*	Set of elements used to identify the related quantities, such as securities, in the underlying transaction.
MEMBER	EntryTransaction16	2f7af7a9-415b-4b8f-b4d0-9bd83feb1f84	FinancialInstrumentIdentification	FinInstrmId	Component	SecurityIdentification19	0	1	Identification of a security, as assigned under a formal or proprietary identification scheme.
MEMBER	EntryTransaction16	5c70385a-b803-4fc8-89aa-8cde6a8b8998	Tax	Tax	Component	TaxData1	0	1	Provides details on the tax.
MEMBER	EntryTransaction16	4186f9d2-059f-4de8-8e22-66e40736d8a6	ReturnInformation	RtrInf	Component	PaymentReturnReason8	0	1	Provides the return information.
MEMBER	EntryTransaction16	3e1fc376-665b-4b27-92de-705a8062998d	RelatedCorporateAction	RltdCorpActn	Component	CorporateAction82	0	1	Set of elements used to identify the underlying corporate action.
MEMBER	EntryTransaction16	ce933867-c0a1-46a3-b2f2-3baa513db268	SafekeepingAccount	SfkpgAcct	Component	SecuritiesAccount19	0	1	Safekeeping or investment account. A safekeeping account is an account on which a securities entry is made. An investment account is an account between an investor(s) and a fund manager or a fund. The account can contain holdings in any investment fund or investment fund class managed (or distributed) by the fund manager, within the same fund family.
MEMBER	EntryTransaction16	1ceb61d5-455d-47d5-a461-4db07ab368c0	UnderlyingAllocation	UndrlygAllcn	Component	TransactionAllocation2	0	*	Provides information on the underlying allocations that make up the payment.||Usage: Only used by the Securities industry.
MEMBER	EntryTransaction16	e541023a-4fb5-4332-b0cc-e5059ad5a69e	CashDeposit	CshDpst	Component	CashDeposit1	0	*	Provides the details of a cash deposit for an amount of money in cash notes and/or coins.
MEMBER	EntryTransaction16	11f1c090-fb47-43ae-b1ad-b73d79d6409a	CardTransaction	CardTx	Component	CardTransaction18	0	1	Provides the data related to the card (number, scheme), terminal (number, identification) and transactional data used to uniquely identify a card transaction.
MEMBER	EntryTransaction16	f76ab536-550b-4411-8cec-685e31f64917	InstructionCopy	InstrCpy	Attribute	Max20000Text	0	1	Copy of the original instruction, in free form text.||Usage: When the instruction being copied is an ISO 20022 message using the XML syntax a CDATA format must be used.
MEMBER	EntryTransaction16	6699d54e-7274-41d6-8588-a44f605a9512	AdditionalTransactionInformation	AddtlTxInf	Attribute	Max500Text	0	1	Further details of the transaction.
MEMBER	EntryTransaction16	1024e31e-0939-4299-99c6-ddf05e5dd218	SupplementaryData	SplmtryData	Component	SupplementaryData1	0	*	Additional information that cannot be captured in the structured elements and/or any other specific block.
DATATYPE	TransactionReferences10	848b7f50-1917-499a-9240-034cbc9fd1c1	MessageComponent	Registered	6A33FE6A52ABE12D	Identifies the underlying transaction.
MEMBER	TransactionReferences10	d4004b33-651e-4e1d-94fe-c25f5381bd3b	MessageIdentification	MsgId	Attribute	Max35Text	0	1	Point to point reference, as assigned by the instructing party of the underlying message.
MEMBER	TransactionReferences10	d019eff3-cc3b-41ab-94d1-6aab3501393c	AccountServicerReference	AcctSvcrRef	Attribute	Max35Text	0	1	Unique reference, as assigned by the account servicing institution, to unambiguously identify the instruction.
MEMBER	TransactionReferences10	8088e9cd-e1f9-4ee1-8b87-25d351de91e7	PaymentInformationIdentification	PmtInfId	Attribute	Max35Text	0	1	Unique identification, as assigned by a sending party, to unambiguously identify the payment information group within the message.
MEMBER	TransactionReferences10	b92269e0-c05a-42a9-b0dd-312a411ac449	InstructionIdentification	InstrId	Attribute	Max35Text	0	1	Unique identification, as assigned by an instructing party for an instructed party, to unambiguously identify the instruction.||Usage: The instruction identification is a point to point reference that can be used between the instructing party and the instructed party to refer to the individual instruction. It can be included in several messages related to the instruction.
MEMBER	TransactionReferences10	bc7d2f26-d16a-4469-aed0-4267d236daba	EndToEndIdentification	EndToEndId	Attribute	Max35Text	0	1	Unique identification, as assigned by the initiating party, to unambiguously identify the transaction. This identification is passed on, unchanged, throughout the entire end-to-end chain.||Usage: The end-to-end identification can be used for reconciliation or to link tasks relating to the transaction. It can be included in several messages related to the transaction.||Usage: In case there are technical limitations to pass on multiple references, the end-to-end identification must be passed on throughout the entire end-to-end chain.
MEMBER	TransactionReferences10	e5b87b91-b2d9-436a-a300-4650c462bd96	UETR	UETR	Attribute	UUIDv4Identifier	0	1	Universally unique identifier to provide an end-to-end reference of a payment transaction.
MEMBER	TransactionReferences10	3c384796-a879-483f-8d4e-030176c4c038	TransactionIdentification	TxId	Attribute	Max35Text	0	1	Unique identification, as assigned by the first instructing agent, to unambiguously identify the transaction that is passed on, unchanged, throughout the entire interbank chain. |Usage: The transaction identification can be used for reconciliation, tracking or to link tasks relating to the transaction on the interbank level. |Usage: The instructing agent has to make sure that the transaction identification is unique for a pre-agreed period.
MEMBER	TransactionReferences10	ccafe8d1-299b-493c-85ac-fa6f7d71ddb9	MandateIdentification	MndtId	Attribute	Max35Text	0	1	Unique identification, as assigned by the creditor, to unambiguously identify the mandate.
MEMBER	TransactionReferences10	f3d81efc-cbdd-438b-8b62-808c61769e8f	ChequeNumber	ChqNb	Attribute	Max35Text	0	1	Unique and unambiguous identifier for a cheque as assigned by the agent.
MEMBER	TransactionReferences10	d47d60a5-3699-4f66-95e1-eb225ef7f4c3	ClearingSystemReference	ClrSysRef	Attribute	Max35Text	0	1	Unique reference, as assigned by a clearing system, to unambiguously identify the instruction.|Usage: In case there are technical limitations to pass on multiple references, the end-to-end identification must be passed on throughout the entire end-to-end chain.
MEMBER	TransactionReferences10	4db29bc6-f9e1-4c06-a1fe-885ec8150079	AccountOwnerTransactionIdentification	AcctOwnrTxId	Attribute	Max35Text	0	1	Unambiguous identification of the securities transaction as known by the securities account owner (or the instructing party managing the account).
MEMBER	TransactionReferences10	cc85499f-ef01-4e57-a4a9-578828c793aa	AccountServicerTransactionIdentification	AcctSvcrTxId	Attribute	Max35Text	0	1	Unambiguous identification of the securities transaction as known by the securities account servicer.
MEMBER	TransactionReferences10	0efec6ad-236f-4812-b101-c5db910a5c0c	MarketInfrastructureTransactionIdentification	MktInfrstrctrTxId	Attribute	Max35Text	0	1	Identification of a securities transaction assigned by a market infrastructure other than a central securities depository, for example, Target2-Securities.
MEMBER	TransactionReferences10	1ee9c1f2-522d-4042-8b76-c90b6215ab75	ProcessingIdentification	PrcgId	Attribute	Max35Text	0	1	Identification of the securities transaction assigned by the processor of the instruction other than the securities account owner, the securities account servicer and the market infrastructure.
MEMBER	TransactionReferences10	84ad199a-ad0b-46a5-81d8-657fa073df82	ReturnIdentification	RtrId	Attribute	Max35Text	0	1	Unique identification, as assigned by an instructing party for an instructed party, to unambiguously identify the returned transaction.|Usage: The instructing party is the party sending the return message and not the party that sent the original instruction that is being returned.
MEMBER	TransactionReferences10	608d933d-5282-4a91-881e-1edff93ca389	Proprietary	Prtry	Component	ProprietaryReference1	0	*	Proprietary reference related to the underlying transaction.
DATATYPE	ProprietaryReference1	_RUrR8dp-Ed-ak6NoX_4Aeg_-121377116	MessageComponent	Registered	7722673835D312F9	Set of elements to identify a proprietary reference.
MEMBER	ProprietaryReference1	_RUrR8tp-Ed-ak6NoX_4Aeg_139056847	Type	Tp	Attribute	Max35Text	1	1	Identifies the type of reference reported.
MEMBER	ProprietaryReference1	_RUrR89p-Ed-ak6NoX_4Aeg_164916968	Reference	Ref	Attribute	Max35Text	1	1	Proprietary reference specification related to the underlying transaction.
DATATYPE	TransactionParties12	_75dzcTEyEe6g-ffJsqGiSA	MessageComponent	Registered	2A53BCD2C37E5EF5	Provides further details on the parties specific to the individual transaction.
MEMBER	TransactionParties12	_77tPITEyEe6g-ffJsqGiSA	InitiatingParty	InitgPty	Choice	Party50Choice	0	1	Party that initiated the payment that is reported in the entry.
MEMBER	TransactionParties12	_77t2MTEyEe6g-ffJsqGiSA	Debtor	Dbtr	Choice	Party50Choice	0	1	Party that owes an amount of money to the (ultimate) creditor.
MEMBER	TransactionParties12	_77t2MzEyEe6g-ffJsqGiSA	DebtorAccount	DbtrAcct	Component	CashAccount40	0	1	Unambiguous identification of the account of the debtor.
MEMBER	TransactionParties12	_77t2NTEyEe6g-ffJsqGiSA	UltimateDebtor	UltmtDbtr	Choice	Party50Choice	0	1	Ultimate party that owes an amount of money to the (ultimate) creditor.
MEMBER	TransactionParties12	_77t2NzEyEe6g-ffJsqGiSA	Creditor	Cdtr	Choice	Party50Choice	0	1	Party to which an amount of money is due.
MEMBER	TransactionParties12	_77t2OTEyEe6g-ffJsqGiSA	CreditorAccount	CdtrAcct	Component	CashAccount40	0	1	Unambiguous identification of the account of the creditor to which a credit entry has been posted as a result of the payment transaction.
MEMBER	TransactionParties12	_77t2OzEyEe6g-ffJsqGiSA	UltimateCreditor	UltmtCdtr	Choice	Party50Choice	0	1	Ultimate party to which an amount of money is due.
MEMBER	TransactionParties12	_77t2PTEyEe6g-ffJsqGiSA	TradingParty	TradgPty	Choice	Party50Choice	0	1	Party that plays an active role in planning and executing the transactions that create or liquidate investments of the investors assets, or that move the investor's assets from one investment to another. A trading party is a trade instructor, an investment decision-maker, a post trade administrator, or a trader. In the context of treasury, it is the party that negotiates and executes the treasury transaction.
MEMBER	TransactionParties12	_77t2PzEyEe6g-ffJsqGiSA	Proprietary	Prtry	Component	ProprietaryParty6	0	*	Proprietary party related to the underlying transaction.
DATATYPE	ProprietaryParty6	_77t2QTEyEe6g-ffJsqGiSA	MessageComponent	Registered	1814584FC2EC1782	Identifies a proprietary party.
MEMBER	ProprietaryParty6	_797csTEyEe6g-ffJsqGiSA	Type	Tp	Attribute	Max35Text	1	1	Specifies the type of proprietary party.
MEMBER	ProprietaryParty6	_797cszEyEe6g-ffJsqGiSA	Party	Pty	Choice	Party50Choice	1	1	Proprietary party.
DATATYPE	TransactionAgents6	_xkY2ATEyEe6g-ffJsqGiSA	MessageComponent	Registered	81528A0B10F59574	Provides further details on the agents specific to the individual transaction.
MEMBER	TransactionAgents6	_xmnqoTEyEe6g-ffJsqGiSA	InstructingAgent	InstgAgt	Component	BranchAndFinancialInstitutionIdentification8	0	1	Agent that instructs the next party in the chain to carry out the (set of) instruction(s).
MEMBER	TransactionAgents6	_xmnqozEyEe6g-ffJsqGiSA	InstructedAgent	InstdAgt	Component	BranchAndFinancialInstitutionIdentification8	0	1	Agent that is instructed by the previous party in the chain to carry out the (set of) instruction(s).
MEMBER	TransactionAgents6	_xmnqpTEyEe6g-ffJsqGiSA	DebtorAgent	DbtrAgt	Component	BranchAndFinancialInstitutionIdentification8	0	1	Financial institution servicing an account for the debtor.
MEMBER	TransactionAgents6	_xmnqpzEyEe6g-ffJsqGiSA	CreditorAgent	CdtrAgt	Component	BranchAndFinancialInstitutionIdentification8	0	1	Financial institution servicing an account for the creditor.
MEMBER	TransactionAgents6	_xmnqqTEyEe6g-ffJsqGiSA	IntermediaryAgent1	IntrmyAgt1	Component	BranchAndFinancialInstitutionIdentification8	0	1	Agent between the debtor's agent and the creditor's agent.||Usage: If more than one intermediary agent is present, then IntermediaryAgent1 identifies the agent between the DebtorAgent and the IntermediaryAgent2.
MEMBER	TransactionAgents6	_xmnqqzEyEe6g-ffJsqGiSA	IntermediaryAgent2	IntrmyAgt2	Component	BranchAndFinancialInstitutionIdentification8	0	1	Agent between the debtor's agent and the creditor's agent.||Usage: If more than two intermediary agents are present, then IntermediaryAgent2 identifies the agent between the IntermediaryAgent1 and the IntermediaryAgent3.
MEMBER	TransactionAgents6	_xmnqrTEyEe6g-ffJsqGiSA	IntermediaryAgent3	IntrmyAgt3	Component	BranchAndFinancialInstitutionIdentification8	0	1	Agent between the debtor's agent and the creditor's agent.||Usage: If IntermediaryAgent3 is present, then it identifies the agent between the IntermediaryAgent 2 and the CreditorAgent.
MEMBER	TransactionAgents6	_xmnqrzEyEe6g-ffJsqGiSA	ReceivingAgent	RcvgAgt	Component	BranchAndFinancialInstitutionIdentification8	0	1	Party that receives securities from the delivering agent at the place of settlement, such as central securities depository.|Can also be used in the context of treasury operations.
MEMBER	TransactionAgents6	_xmnqsTEyEe6g-ffJsqGiSA	DeliveringAgent	DlvrgAgt	Component	BranchAndFinancialInstitutionIdentification8	0	1	Party that delivers securities to the receiving agent at the place of settlement, such as a central securities depository.|Can also be used in the context of treasury operations.
MEMBER	TransactionAgents6	_xmnqszEyEe6g-ffJsqGiSA	IssuingAgent	IssgAgt	Component	BranchAndFinancialInstitutionIdentification8	0	1	Legal entity that has the right to issue securities.
MEMBER	TransactionAgents6	_xmnqtTEyEe6g-ffJsqGiSA	SettlementPlace	SttlmPlc	Component	BranchAndFinancialInstitutionIdentification8	0	1	Place where settlement of the securities takes place.|Usage: This is typed by a financial institution identification as this is the standard way to identify a securities settlement agent/central system.
MEMBER	TransactionAgents6	_xmnqtzEyEe6g-ffJsqGiSA	Proprietary	Prtry	Component	ProprietaryAgent5	0	*	Proprietary agent related to the underlying transaction.
DATATYPE	ProprietaryAgent5	_xmnquTEyEe6g-ffJsqGiSA	MessageComponent	Registered	69E1C4EE73644033	Identifies a proprietary party.
MEMBER	ProprietaryAgent5	_xo_CITEyEe6g-ffJsqGiSA	Type	Tp	Attribute	Max35Text	1	1	Specifies the type of proprietary agent.
MEMBER	ProprietaryAgent5	_xo_CIzEyEe6g-ffJsqGiSA	Agent	Agt	Component	BranchAndFinancialInstitutionIdentification8	1	1	Organisation established primarily to provide financial services.
DATATYPE	TransactionDates3	_rkenUa6OEeexrtTFgmVD3Q	MessageComponent	Registered	1CF11BEB51B6B250	Set of elements used to provide information on the dates related to the underlying individual transaction.
MEMBER	TransactionDates3	_rtZ5066OEeexrtTFgmVD3Q	AcceptanceDateTime	AccptncDtTm	Attribute	ISODateTime	0	1	Point in time when the payment order from the initiating party meets the processing conditions of the account servicing agent. This means that the account servicing agent has received the payment order and has applied checks such as authorisation, availability of funds.
MEMBER	TransactionDates3	_rtZ51a6OEeexrtTFgmVD3Q	TradeActivityContractualSettlementDate	TradActvtyCtrctlSttlmDt	Attribute	ISODate	0	1	Identifies when an amount of money should have contractually been credited or debited the account versus when the amount of money was actually settled (debited/credited) on the cash account.
MEMBER	TransactionDates3	_rtZ5166OEeexrtTFgmVD3Q	TradeDate	TradDt	Attribute	ISODate	0	1	Date on which the trade was executed.
MEMBER	TransactionDates3	_rtZ52a6OEeexrtTFgmVD3Q	InterbankSettlementDate	IntrBkSttlmDt	Attribute	ISODate	0	1	Date on which the amount of money ceases to be available to the agent that owes it and when the amount of money becomes available to the agent to which it is due.
MEMBER	TransactionDates3	_rtZ5266OEeexrtTFgmVD3Q	StartDate	StartDt	Attribute	ISODate	0	1	Start date of the underlying transaction, such as a treasury transaction, an investment plan.
MEMBER	TransactionDates3	_rtZ53a6OEeexrtTFgmVD3Q	EndDate	EndDt	Attribute	ISODate	0	1	End date of the underlying transaction, such as a treasury transaction, an investment plan.
MEMBER	TransactionDates3	_rtZ5366OEeexrtTFgmVD3Q	TransactionDateTime	TxDtTm	Attribute	ISODateTime	0	1	Date and time of the underlying transaction.
MEMBER	TransactionDates3	_rtZ54a6OEeexrtTFgmVD3Q	Proprietary	Prtry	Component	ProprietaryDate3	0	*	Proprietary date related to the underlying transaction.
DATATYPE	ProprietaryDate3	_rtZ5466OEeexrtTFgmVD3Q	MessageComponent	Registered	3B420A14C6F1DCCF	Set of elements used to identify a proprietary date.
MEMBER	ProprietaryDate3	_r2LbU66OEeexrtTFgmVD3Q	Type	Tp	Attribute	Max35Text	1	1	Specifies the type of date.
MEMBER	ProprietaryDate3	_r2LbVa6OEeexrtTFgmVD3Q	Date	Dt	Choice	DateAndDateTime2Choice	1	1	Date in ISO format.
DATATYPE	Price7	_yPMT8bQBEee1Ke-6rZgsrA	MessageComponent	Registered	FA7F6B4B54D9FDF2	Type and information about a price.
MEMBER	Price7	_yehJYbQBEee1Ke-6rZgsrA	Type	Tp	Choice	YieldedOrValueType1Choice	1	1	Specification of the price type.
MEMBER	Price7	_yehJY7QBEee1Ke-6rZgsrA	Value	Val	Choice	PriceRateOrAmount3Choice	1	1	Value of the price, for example, as a currency and value.
DATATYPE	ProprietaryPrice2	_Rpr4pNp-Ed-ak6NoX_4Aeg_1562404369	MessageComponent	Registered	E3C0FBEDFF562000	Set of elements used to identify a proprietary price.
MEMBER	ProprietaryPrice2	_Rpr4pdp-Ed-ak6NoX_4Aeg_1562404617	Type	Tp	Attribute	Max35Text	1	1	Specifies the type of price.
MEMBER	ProprietaryPrice2	_Rpr4ptp-Ed-ak6NoX_4Aeg_1562404671	Price	Pric	Amount	ActiveOrHistoricCurrencyAndAmount	1	1	Proprietary price specification related to the underlying transaction.
DATATYPE	OriginalAndCurrentQuantities1	_Sotsttp-Ed-ak6NoX_4Aeg_975131994	MessageComponent	Registered	A8BEC52D56F33F2E	Original and current value of an asset-back instrument.
MEMBER	OriginalAndCurrentQuantities1	_Sotst9p-Ed-ak6NoX_4Aeg_1262349956	FaceAmount	FaceAmt	Amount	ImpliedCurrencyAndAmount	1	1	Quantity expressed as an amount representing the face amount, that is, the principal of a debt instrument.
MEMBER	OriginalAndCurrentQuantities1	_So3dsNp-Ed-ak6NoX_4Aeg_1277126235	AmortisedValue	AmtsdVal	Amount	ImpliedCurrencyAndAmount	1	1	Quantity expressed as an amount representing the current amortised face amount of a bond, for example, a periodic reduction/increase of a bond's principal amount.
DATATYPE	ProprietaryQuantity1	_RUhg9tp-Ed-ak6NoX_4Aeg_-1425714284	MessageComponent	Registered	546BB0D566211D3E	Set of elements to identify a proprietary quantity.
MEMBER	ProprietaryQuantity1	_RUhg99p-Ed-ak6NoX_4Aeg_-1425714266	Type	Tp	Attribute	Max35Text	1	1	Identifies the type of proprietary quantity reported.
MEMBER	ProprietaryQuantity1	_RUrR8Np-Ed-ak6NoX_4Aeg_1280200217	Quantity	Qty	Attribute	Max35Text	1	1	Provides the proprietary quantity in free format.
DATATYPE	SecurityIdentification19	_ho6XQYlXEeWPSZi0kAOXhg	MessageComponent	Registered	B8A5B2405EA86FDF	Identification of a security.
MEMBER	SecurityIdentification19	_iDjE24lXEeWPSZi0kAOXhg	ISIN	ISIN	Attribute	ISINOct2015Identifier	0	1	International Securities Identification Number (ISIN). A numbering system designed by the United Nation's International Organisation for Standardisation (ISO). The ISIN is composed of a 2-character prefix representing the country of issue, followed by the national security number (if one exists), and a check digit. Each country has a national numbering agency that assigns ISIN numbers for securities in that country.
MEMBER	SecurityIdentification19	_iDjE3YlXEeWPSZi0kAOXhg	OtherIdentification	OthrId	Component	OtherIdentification1	0	*	Identification of a security by proprietary or domestic identification scheme.
MEMBER	SecurityIdentification19	_iDjE34lXEeWPSZi0kAOXhg	Description	Desc	Attribute	Max140Text	0	1	Textual description of a security instrument.
DATATYPE	OtherIdentification1	_UokEk9p-Ed-ak6NoX_4Aeg_462750527	MessageComponent	Registered	5C1B2469A2A915EC	Other accepted financial instrument's identification than ISIN.
MEMBER	OtherIdentification1	_UokElNp-Ed-ak6NoX_4Aeg_-843603921	Identification	Id	Attribute	Max35Text	1	1	Identification of a security.
MEMBER	OtherIdentification1	_UokEldp-Ed-ak6NoX_4Aeg_-130667248	Suffix	Sfx	Attribute	Max16Text	0	1	Identifies the suffix of the security identification.
MEMBER	OtherIdentification1	_UokEltp-Ed-ak6NoX_4Aeg_1403030983	Type	Tp	Choice	IdentificationSource3Choice	1	1	Type of the identification.
DATATYPE	PaymentReturnReason8	_2e8rgTEyEe6g-ffJsqGiSA	MessageComponent	Registered	B60E03FB93D4B30D	Provides further details on the reason of the return of the transaction.
MEMBER	PaymentReturnReason8	_2hNVUzEyEe6g-ffJsqGiSA	OriginalBankTransactionCode	OrgnlBkTxCd	Component	BankTransactionCodeStructure4	0	1	Bank transaction code included in the original entry for the transaction.
MEMBER	PaymentReturnReason8	_2hNVVTEyEe6g-ffJsqGiSA	Originator	Orgtr	Component	PartyIdentification272	0	1	Party that issues the return.
MEMBER	PaymentReturnReason8	_2hNVVzEyEe6g-ffJsqGiSA	Reason	Rsn	Choice	ReturnReason5Choice	0	1	Specifies the reason for the return.
MEMBER	PaymentReturnReason8	_2hNVWTEyEe6g-ffJsqGiSA	AdditionalInformation	AddtlInf	Attribute	Max105Text	0	*	Further details on the return reason.
DATATYPE	CorporateAction82	_0M1fIT3lEe-thIfLZ94a1w	MessageComponent	Registered	A82979C7CE70395F	An event determined by a corporation's board of directors, that changes the existing corporate capital structure or financial condition.
MEMBER	CorporateAction82	_0USK8T3lEe-thIfLZ94a1w	EventType	EvtTp	Choice	CorporateActionEventType104Choice	1	1	Type of corporate action event.
MEMBER	CorporateAction82	_i4FkaD3mEe-thIfLZ94a1w	CorporateActionEventIdentification	CorpActnEvtId	Attribute	Max35Text	1	1	Reference assigned by the account servicer to unambiguously identify a corporate action event.
MEMBER	CorporateAction82	_i4FkaT3mEe-thIfLZ94a1w	OfficialCorporateActionEventIdentification	OffclCorpActnEvtId	Attribute	Max35Text	0	1	Official and unique reference assigned by the official central body/entity within each market at the beginning of a corporate action event.
DATATYPE	SecuritiesAccount19	_T_JUKtp-Ed-ak6NoX_4Aeg_1976638301	MessageComponent	Registered	17C63587815B8A84	Account to or from which a securities entry is made.
MEMBER	SecuritiesAccount19	_T_JUK9p-Ed-ak6NoX_4Aeg_1862799235	Identification	Id	Attribute	Max35Text	1	1	Unambiguous identification for the account between the account owner and the account servicer.
MEMBER	SecuritiesAccount19	_T_JULNp-Ed-ak6NoX_4Aeg_865726882	Type	Tp	Component	GenericIdentification30	0	1	Specifies the type of securities account.
MEMBER	SecuritiesAccount19	_T_JULdp-Ed-ak6NoX_4Aeg_-54306770	Name	Nm	Attribute	Max70Text	0	1	Description of the account.
DATATYPE	CashDeposit1	_t0kyllkyEeGeoaLUQk__nA_-1150554853	MessageComponent	Registered	44E22EA17B674423	Deposit of an amount of money defined in cash notes and/or coins.
MEMBER	CashDeposit1	_t0ujkFkyEeGeoaLUQk__nA_1181780870	NoteDenomination	NoteDnmtn	Amount	ActiveCurrencyAndAmount	1	1	Specifies the note or coin denomination, including the currency, such as a 50 euro note.
MEMBER	CashDeposit1	_t0ujkVkyEeGeoaLUQk__nA_-1821036106	NumberOfNotes	NbOfNotes	Attribute	Max15NumericText	1	1	Specifies the number of notes of the same denomination in the deposit.
MEMBER	CashDeposit1	_t0ujklkyEeGeoaLUQk__nA_-754114545	Amount	Amt	Amount	ActiveCurrencyAndAmount	1	1	Specifies the total amount of money in the cash deposit, that is the note denomination times the number of notes.
DATATYPE	CardTransaction18	_bafQEdcZEeqRFcf2R4bPBw	MessageComponent	Registered	98D8DC4861601D1A	Card transaction details.
MEMBER	CardTransaction18	_bb0FwdcZEeqRFcf2R4bPBw	Card	Card	Component	PaymentCard4	0	1	Electronic money product that provides the cardholder with a portable and specialised computer device, which typically contains a microprocessor.
MEMBER	CardTransaction18	_bb0Fw9cZEeqRFcf2R4bPBw	POI	POI	Component	PointOfInteraction1	0	1	Physical or logical card payment terminal containing software and hardware components.
MEMBER	CardTransaction18	_bb0FxdcZEeqRFcf2R4bPBw	Transaction	Tx	Choice	CardTransaction3Choice	0	1	Card transaction details, which can be either globalised by the acquirer or individual transaction.
MEMBER	CardTransaction18	_bb0Fx9cZEeqRFcf2R4bPBw	PrePaidAccount	PrePdAcct	Component	CashAccount40	0	1	Prepaid account for the transfer or loading of an amount of money.
DATATYPE	CardIndividualTransaction2	_0jmr9Tj3EeSz-s1QOUJaOg	MessageComponent	Registered	7201029791140708	Individual card transaction entry details.
MEMBER	CardIndividualTransaction2	_vfHeYzj3EeSz-s1QOUJaOg	ICCRelatedData	ICCRltdData	Attribute	Max1025Text	0	1	Data related to an integrated circuit card application.
MEMBER	CardIndividualTransaction2	_vfHeZDj3EeSz-s1QOUJaOg	PaymentContext	PmtCntxt	Component	PaymentContext3	0	1	Context of the card payment transaction.
MEMBER	CardIndividualTransaction2	_0yxwYTj3EeSz-s1QOUJaOg	AdditionalService	AddtlSvc	Codeset	CardPaymentServiceType2Code	0	1	Service in addition to the main service.
MEMBER	CardIndividualTransaction2	_0yxwYzj3EeSz-s1QOUJaOg	TransactionCategory	TxCtgy	Codeset	ExternalCardTransactionCategory1Code	0	1	Category code conform to ISO 18245, related to the type of services or goods the merchant provides for the transaction.|This element is also known as the MerchantCategoryCode.
MEMBER	CardIndividualTransaction2	_0yxwZTj3EeSz-s1QOUJaOg	SaleReconciliationIdentification	SaleRcncltnId	Attribute	Max35Text	0	1	Unique identification of the sales reconciliation period between the acceptor and the acquirer. This identification might be linked to the identification of the settlement for further verification by the merchant.
MEMBER	CardIndividualTransaction2	_0yxwZzj3EeSz-s1QOUJaOg	SaleReferenceNumber	SaleRefNb	Attribute	Max35Text	0	1	Unique reference of the sales as provided by the merchant.
MEMBER	CardIndividualTransaction2	_vfHeZTj3EeSz-s1QOUJaOg	RePresentmentReason	RePresntmntRsn	Codeset	ExternalRePresentmentReason1Code	0	1	Reason for representment of a card transaction.
MEMBER	CardIndividualTransaction2	_0yxwaTj3EeSz-s1QOUJaOg	SequenceNumber	SeqNb	Attribute	Max35Text	0	1	Sequential number of the card transaction, as assigned by the POI (Point of Interaction). |Usage: The sequential number is increased incrementally for each transaction.
MEMBER	CardIndividualTransaction2	_0yxwazj3EeSz-s1QOUJaOg	TransactionIdentification	TxId	Component	TransactionIdentifier1	0	1	Identification of the transaction assigned by the POI (Point Of Interaction).
MEMBER	CardIndividualTransaction2	_0yxwbTj3EeSz-s1QOUJaOg	Product	Pdct	Component	Product2	0	1	Product purchased with the transaction.
MEMBER	CardIndividualTransaction2	_0yxwbzj3EeSz-s1QOUJaOg	ValidationDate	VldtnDt	Attribute	ISODate	0	1	Date when the deposit was validated by the financial institution that collected the cash.
MEMBER	CardIndividualTransaction2	_0yxwcTj3EeSz-s1QOUJaOg	ValidationSequenceNumber	VldtnSeqNb	Attribute	Max35Text	0	1	Sequential number of the validation of the cash deposit.|Usage: The sequential number is increased incrementally for each transaction.
DATATYPE	PaymentContext3	_Y-M1IvwLEeGHDMP28rpT3g_1249430517	MessageComponent	Registered	88A6450BD95868CD	Payment context in which the transaction is performed.
MEMBER	PaymentContext3	_Y-M1I_wLEeGHDMP28rpT3g_-243091492	CardPresent	CardPres	Attribute	TrueFalseIndicator	0	1	Indicates whether the transaction has been initiated by a card physically present or not.
MEMBER	PaymentContext3	_Y-M1JPwLEeGHDMP28rpT3g_2057731098	CardholderPresent	CrdhldrPres	Attribute	TrueFalseIndicator	0	1	Indicates whether the transaction has been initiated in presence of the cardholder or not.
MEMBER	PaymentContext3	_Y-V_EPwLEeGHDMP28rpT3g_-187440954	OnLineContext	OnLineCntxt	Attribute	TrueFalseIndicator	0	1	On-line or off-line context of the transaction.
MEMBER	PaymentContext3	_Y-V_EfwLEeGHDMP28rpT3g_1643482215	AttendanceContext	AttndncCntxt	Codeset	AttendanceContext1Code	0	1	Human attendance at the POI location during the transaction.
MEMBER	PaymentContext3	_Y-V_EvwLEeGHDMP28rpT3g_-1200325459	TransactionEnvironment	TxEnvt	Codeset	TransactionEnvironment1Code	0	1	Indicates the environment of the transaction.
MEMBER	PaymentContext3	_Y-V_E_wLEeGHDMP28rpT3g_-1211424236	TransactionChannel	TxChanl	Codeset	TransactionChannel1Code	0	1	Identifies the type of the communication channels used by the cardholder to the acceptor system.
MEMBER	PaymentContext3	_Y-V_FPwLEeGHDMP28rpT3g_-160291164	AttendantMessageCapable	AttndntMsgCpbl	Attribute	TrueFalseIndicator	0	1	Indicates whether a message can be sent or not on an attendant display (attendant display present or not).
MEMBER	PaymentContext3	_Y-V_FfwLEeGHDMP28rpT3g_-2004160153	AttendantLanguage	AttndntLang	Codeset	ISO2ALanguageCode	0	1	Language used to display messages to the attendant.
MEMBER	PaymentContext3	_Y-fwEPwLEeGHDMP28rpT3g_-589923531	CardDataEntryMode	CardDataNtryMd	Codeset	CardDataReading1Code	1	1	Entry mode of the card data.
MEMBER	PaymentContext3	_Y-fwEfwLEeGHDMP28rpT3g_1710899059	FallbackIndicator	FllbckInd	Attribute	TrueFalseIndicator	0	1	Indicator of a card entry mode fallback.
MEMBER	PaymentContext3	_Y-fwEvwLEeGHDMP28rpT3g_1895664349	AuthenticationMethod	AuthntcnMtd	Component	CardholderAuthentication2	0	1	Method used to authenticate a cardholder.
DATATYPE	CardholderAuthentication2	_SqbqyQEcEeCQm6a_G2yO_w_-1688249611	MessageComponent	Registered	18B41F1073780DFA	Data related to the authentication of the cardholder.
MEMBER	CardholderAuthentication2	_SqbqygEcEeCQm6a_G2yO_w_-169558028	AuthenticationMethod	AuthntcnMtd	Codeset	AuthenticationMethod1Code	1	1	Method used to authenticate the cardholder.
MEMBER	CardholderAuthentication2	_SqbqywEcEeCQm6a_G2yO_w_-1371836971	AuthenticationEntity	AuthntcnNtty	Codeset	AuthenticationEntity1Code	1	1	Entity or object in charge of verifying the cardholder authenticity.
DATATYPE	TransactionIdentifier1	_TFsqdwEcEeCQm6a_G2yO_w_-629860519	MessageComponent	Registered	427EA74656A03355	Identification of the transaction in an unambiguous way.
MEMBER	TransactionIdentifier1	_TFsqeAEcEeCQm6a_G2yO_w_-1727684501	TransactionDateTime	TxDtTm	Attribute	ISODateTime	1	1	Local date and time of the transaction assigned by the POI (Point Of Interaction).
MEMBER	TransactionIdentifier1	_TFsqeQEcEeCQm6a_G2yO_w_-1113655904	TransactionReference	TxRef	Attribute	Max35Text	1	1	Identification of the transaction that has to be unique for a time period.
DATATYPE	Product2	_t5V90lkyEeGeoaLUQk__nA_1997796326	MessageComponent	Registered	C1C0C2064127F27F	Product purchased to be paid.
MEMBER	Product2	_t5V901kyEeGeoaLUQk__nA_1872858483	ProductCode	PdctCd	Attribute	Max70Text	1	1	Product code of the item purchased.
MEMBER	Product2	_t5V91FkyEeGeoaLUQk__nA_-1369385922	UnitOfMeasure	UnitOfMeasr	Codeset	UnitOfMeasure1Code	0	1	Unit of measure of the item purchased.
MEMBER	Product2	_t5fu0FkyEeGeoaLUQk__nA_-1611123080	ProductQuantity	PdctQty	Attribute	DecimalNumber	0	1	Product quantity.
MEMBER	Product2	_t5fu0VkyEeGeoaLUQk__nA_-850357927	UnitPrice	UnitPric	Amount	ImpliedCurrencyAndAmount	0	1	Price per unit of product.
MEMBER	Product2	_t5fu0lkyEeGeoaLUQk__nA_-861456704	ProductAmount	PdctAmt	Amount	ImpliedCurrencyAndAmount	0	1	Monetary value of purchased product.
MEMBER	Product2	_t5fu01kyEeGeoaLUQk__nA_-391380294	TaxType	TaxTp	Attribute	Max35Text	0	1	Information on tax paid on the product.
MEMBER	Product2	_t5o4wFkyEeGeoaLUQk__nA_442293533	AdditionalProductInformation	AddtlPdctInf	Attribute	Max35Text	0	1	Additional information related to the product.
DATATYPE	SequenceRange1Choice	_rsIb84y3EeeGkvZr3jtnCQ	Choice	Registered	D968673B61A03971	Specifies a choice of sequences.
MEMBER	SequenceRange1Choice	_rsIb9Yy3EeeGkvZr3jtnCQ	FromSequence	FrSeq	Attribute	Max35Text	1	1	Start sequence of the range.
MEMBER	SequenceRange1Choice	_rsIb9Iy3EeeGkvZr3jtnCQ	ToSequence	ToSeq	Attribute	Max35Text	1	1	End sequence of the range.
MEMBER	SequenceRange1Choice	_64OLoIy3EeeGkvZr3jtnCQ	FromToSequence	FrToSeq	Component	SequenceRange1	1	1	Particular sequence range specified between a start sequence and an end sequence.
MEMBER	SequenceRange1Choice	_8FIqsYy3EeeGkvZr3jtnCQ	EqualSequence	EQSeq	Attribute	Max35Text	1	1	Specified sequence to match.
MEMBER	SequenceRange1Choice	_-oyTMYy3EeeGkvZr3jtnCQ	NotEqualSequence	NEQSeq	Attribute	Max35Text	1	1	Specified sequence to be excluded.
DATATYPE	ReportingSource1Choice	_RqIkkdp-Ed-ak6NoX_4Aeg_-1706426921	Choice	Registered	1B7B3CFD3F53D87F	Specifies the source used to generate the reporting.
MEMBER	ReportingSource1Choice	_RqIkktp-Ed-ak6NoX_4Aeg_-1706426890	Code	Cd	Codeset	ExternalReportingSource1Code	1	1	Reporting source, as published in an external reporting source code list.
MEMBER	ReportingSource1Choice	_RqIkk9p-Ed-ak6NoX_4Aeg_-1706426860	Proprietary	Prtry	Attribute	Max35Text	1	1	Reporting source, in a proprietary form.
DATATYPE	InterestType1Choice	_SRnbVtp-Ed-ak6NoX_4Aeg_-822918144	Choice	Registered	767E00715EE9EA52	Interest type is expressed as a code or a text.
MEMBER	InterestType1Choice	_SRnbV9p-Ed-ak6NoX_4Aeg_-822918101	Code	Cd	Codeset	InterestType1Code	1	1	Specifies the type of interest.
MEMBER	InterestType1Choice	_SRnbWNp-Ed-ak6NoX_4Aeg_-822918058	Proprietary	Prtry	Attribute	Max35Text	1	1	Specifies the type of interest in uncoded form.
DATATYPE	RateType4Choice	_Rp-zkdp-Ed-ak6NoX_4Aeg_-171034137	Choice	Registered	CA8525E3885A21E0	Specifies the rate as a percentage or a text.
MEMBER	RateType4Choice	_Rp-zktp-Ed-ak6NoX_4Aeg_-171033889	Percentage	Pctg	Attribute	PercentageRate	1	1	Ratio of the amount of interest paid during a certain period of time compared to the principal amount of the interest bearing financial instrument.
MEMBER	RateType4Choice	_Rp-zk9p-Ed-ak6NoX_4Aeg_-171033828	Other	Othr	Attribute	Max35Text	1	1	Rate type expressed, in an other form.
DATATYPE	ImpliedCurrencyAmountRange1Choice	_O3sLVZlcEeeE1Ya-LgRsuQ	Choice	Registered	00BC8BC8089C2005	Choice between ranges of values in which an amount is considered valid or a specified amount value which has to be matched or unmatched to be valid.
MEMBER	ImpliedCurrencyAmountRange1Choice	_O_mxMZlcEeeE1Ya-LgRsuQ	FromAmount	FrAmt	Component	AmountRangeBoundary1	1	1	Lower boundary of a range of amount values.
MEMBER	ImpliedCurrencyAmountRange1Choice	_O_mxM5lcEeeE1Ya-LgRsuQ	ToAmount	ToAmt	Component	AmountRangeBoundary1	1	1	Upper boundary of a range of amount values.
MEMBER	ImpliedCurrencyAmountRange1Choice	_O_mxNZlcEeeE1Ya-LgRsuQ	FromToAmount	FrToAmt	Component	FromToAmountRange1	1	1	Range of valid amount values.
MEMBER	ImpliedCurrencyAmountRange1Choice	_O_mxN5lcEeeE1Ya-LgRsuQ	EqualAmount	EQAmt	Amount	ImpliedCurrencyAndAmount	1	1	Exact value an amount must match to be considered valid.
MEMBER	ImpliedCurrencyAmountRange1Choice	_O_mxOZlcEeeE1Ya-LgRsuQ	NotEqualAmount	NEQAmt	Amount	ImpliedCurrencyAndAmount	1	1	Value that an amount must not match to be considered valid.
DATATYPE	BalanceType10Choice	_DOF0c4akEeeUws0ZryHQ2w	Choice	Registered	FC2051103D8AE2F9	Specifies the balance type.
MEMBER	BalanceType10Choice	_DOF0dYakEeeUws0ZryHQ2w	Code	Cd	Codeset	ExternalBalanceType1Code	1	1	Balance type, in a coded format.
MEMBER	BalanceType10Choice	_DOF0dIakEeeUws0ZryHQ2w	Proprietary	Prtry	Attribute	Max35Text	1	1	Balance type, in a proprietary format.
DATATYPE	BalanceSubType1Choice	_SYoCQ9p-Ed-ak6NoX_4Aeg_771530920	Choice	Registered	97200BD2E4EB3872	Specifies the balance subtype.
MEMBER	BalanceSubType1Choice	_SYoCRNp-Ed-ak6NoX_4Aeg_771530952	Code	Cd	Codeset	ExternalBalanceSubType1Code	1	1	Balance sub-type, as published in an external balance sub-type code list.
MEMBER	BalanceSubType1Choice	_SYoCRdp-Ed-ak6NoX_4Aeg_771531004	Proprietary	Prtry	Attribute	Max35Text	1	1	Specifies a proprietary code for the balance type.
DATATYPE	CreditLineType1Choice	_2T3LxIZ5Eee8r9VKRbnJSg	Choice	Registered	22EF803783EF38BB	Specifies the type of the credit line provided.
MEMBER	CreditLineType1Choice	_2T3LxYZ5Eee8r9VKRbnJSg	Code	Cd	Codeset	ExternalCreditLineType1Code	1	1	Type of the credit line, as published in an external purpose code list.
MEMBER	CreditLineType1Choice	_2T3Lx4Z5Eee8r9VKRbnJSg	Proprietary	Prtry	Attribute	Max35Text	1	1	Type of the credit line, in a proprietary form.
DATATYPE	CashAvailabilityDate1Choice	_Vf2nGTqwEeWZFYSPlduMhw	Choice	Registered	6B979FA77DD86800	Indicates when the amount of money will become available.
MEMBER	CashAvailabilityDate1Choice	_VnGekzqwEeWZFYSPlduMhw	NumberOfDays	NbOfDays	Attribute	Max15PlusSignedNumericText	1	1	Indicates the number of float days attached to the balance.
MEMBER	CashAvailabilityDate1Choice	_VnGelTqwEeWZFYSPlduMhw	ActualDate	ActlDt	Attribute	ISODate	1	1	Identifies the actual availability date.
DATATYPE	EntryStatus1Choice	_DICS8IaoEeeUws0ZryHQ2w	Choice	Registered	B5E004AD124D25EE	Specifies the status of an entry on the books of the account servicer.
MEMBER	EntryStatus1Choice	_H_H9sIaoEeeUws0ZryHQ2w	Code	Cd	Codeset	ExternalEntryStatus1Code	1	1	Entry status, in a coded form.
MEMBER	EntryStatus1Choice	_KbxmUIaoEeeUws0ZryHQ2w	Proprietary	Prtry	Attribute	Max35Text	1	1	Entry status, in a proprietary form.
DATATYPE	TechnicalInputChannel1Choice	_Rpr4odp-Ed-ak6NoX_4Aeg_-1373581543	Choice	Registered	BAA4CC20B79C943F	Specifies the technical input channel.
MEMBER	TechnicalInputChannel1Choice	_Rpr4otp-Ed-ak6NoX_4Aeg_-968156368	Code	Cd	Codeset	ExternalTechnicalInputChannel1Code	1	1	Technical input channel, as published in an external technical input channel code list.
MEMBER	TechnicalInputChannel1Choice	_Rpr4o9p-Ed-ak6NoX_4Aeg_-450061832	Proprietary	Prtry	Attribute	Max35Text	1	1	Technical channel used to input the instruction, in a proprietary form.
DATATYPE	DateOrDateTimePeriod1Choice	_Q8Ps0a6AEeexrtTFgmVD3Q	Choice	Registered	FD9BD76DBAE1E189	Choice between a date or a date and time format for a period.
MEMBER	DateOrDateTimePeriod1Choice	_RF6mMa6AEeexrtTFgmVD3Q	Date	Dt	Component	DatePeriod2	1	1	Period expressed with dates.
MEMBER	DateOrDateTimePeriod1Choice	_RF6mM66AEeexrtTFgmVD3Q	DateTime	DtTm	Component	DateTimePeriod1	1	1	Period expressed a dates and times.
DATATYPE	TransactionPrice4Choice	_-KxXQbTUEee_k7HqaUKERA	Choice	Registered	25209CC08A322225	Specifies the price information related to the underlying transaction.
MEMBER	TransactionPrice4Choice	_-XasI7TUEee_k7HqaUKERA	DealPrice	DealPric	Component	Price7	1	1	Specifies the price of the traded financial instrument.|This is the deal price of the individual trade transaction. |If there is only one trade transaction for the execution of the trade, then the deal price could equal the executed trade price (unless, for example, the price includes commissions or rounding, or some other factor has been applied to the deal price or the executed trade price, or both).
MEMBER	TransactionPrice4Choice	_-XasJbTUEee_k7HqaUKERA	Proprietary	Prtry	Component	ProprietaryPrice2	1	1	Proprietary price specification related to the underlying transaction.
DATATYPE	YieldedOrValueType1Choice	_RdBVptp-Ed-ak6NoX_4Aeg_510883553	Choice	Registered	99C7CCD50A4F438B	Choice of value type.
MEMBER	YieldedOrValueType1Choice	_RdBVp9p-Ed-ak6NoX_4Aeg_599544874	Yielded	Yldd	Attribute	YesNoIndicator	1	1	Indicates whether the price is expressed as a yield.
MEMBER	YieldedOrValueType1Choice	_RdBVqNp-Ed-ak6NoX_4Aeg_599544875	ValueType	ValTp	Codeset	PriceValueType1Code	1	1	Type of value in which the price is expressed.
DATATYPE	PriceRateOrAmount3Choice	_dnG1obQBEee1Ke-6rZgsrA	Choice	Registered	B046A3C48B06B33D	Choice of formats for the price.
MEMBER	PriceRateOrAmount3Choice	_d3Bg8bQBEee1Ke-6rZgsrA	Rate	Rate	Attribute	PercentageRate	1	1	Price expressed as a rate, that is percentage.
MEMBER	PriceRateOrAmount3Choice	_d3Bg87QBEee1Ke-6rZgsrA	Amount	Amt	Amount	ActiveOrHistoricCurrencyAnd13DecimalAmount	1	1	Price expressed as a currency and value.
DATATYPE	TransactionQuantities4Choice	_CFAMAT3qEe-thIfLZ94a1w	Choice	Registered	72612BFAF8AD75A5	Specifies the quantities (such as securities) in the underlying transaction.
MEMBER	TransactionQuantities4Choice	_CMJ84T3qEe-thIfLZ94a1w	Quantity	Qty	Choice	FinancialInstrumentQuantity33Choice	1	1	Specifies the quantity (such as securities) in the underlying transaction.
MEMBER	TransactionQuantities4Choice	_CMJ84z3qEe-thIfLZ94a1w	OriginalAndCurrentFaceAmount	OrgnlAndCurFaceAmt	Component	OriginalAndCurrentQuantities1	1	1	Face amount and amortised value of security.
MEMBER	TransactionQuantities4Choice	_CMJ85T3qEe-thIfLZ94a1w	Proprietary	Prtry	Component	ProprietaryQuantity1	1	1	Proprietary quantities specification defined in the underlying transaction.
DATATYPE	FinancialInstrumentQuantity33Choice	_Gu-7FRuyEeyhRdHRjakS2w	Choice	Registered	35062BE00AB558CB	Choice between formats for the quantity of security.
MEMBER	FinancialInstrumentQuantity33Choice	_HEcNsRuyEeyhRdHRjakS2w	Unit	Unit	Attribute	DecimalNumber	1	1	Quantity expressed as a number, for example, a number of shares.
MEMBER	FinancialInstrumentQuantity33Choice	_HEcNuRuyEeyhRdHRjakS2w	FaceAmount	FaceAmt	Amount	ImpliedCurrencyAndAmount	1	1	Quantity expressed as an amount representing the face amount, that is, the principal, of a debt instrument.
MEMBER	FinancialInstrumentQuantity33Choice	_HEcNuxuyEeyhRdHRjakS2w	AmortisedValue	AmtsdVal	Amount	ImpliedCurrencyAndAmount	1	1	Quantity expressed as an amount representing the current amortised face amount of a bond, for example, a periodic reduction/increase of a bond's principal amount.
MEMBER	FinancialInstrumentQuantity33Choice	_5UlWABuyEeyhRdHRjakS2w	DigitalTokenUnit	DgtlTknUnit	Attribute	Max30DecimalNumber	1	1	Quantity of digital tokens expressed as a number, for example, a number of blockchain tokens.
DATATYPE	IdentificationSource3Choice	_QmL0Sdp-Ed-ak6NoX_4Aeg_12523031	Choice	Registered	40033849047F6EE6	Choice between source of identification of a financial instrument.
MEMBER	IdentificationSource3Choice	_QmU-MNp-Ed-ak6NoX_4Aeg_-1238582323	Code	Cd	Codeset	ExternalFinancialInstrumentIdentificationType1Code	1	1	Unique and unambiguous identification source, as assigned via a pre-determined code list.
MEMBER	IdentificationSource3Choice	_QmU-Mdp-Ed-ak6NoX_4Aeg_1058919953	Proprietary	Prtry	Attribute	Max35Text	1	1	Unique and unambiguous identification source using a proprietary identification scheme.
DATATYPE	CorporateActionEventType104Choice	_ZWH7YT3lEe-thIfLZ94a1w	Choice	Registered	839AF3F62AEEBA30	Choice between formats to express the corporate event type.
MEMBER	CorporateActionEventType104Choice	_ZdRsQz3lEe-thIfLZ94a1w	Code	Cd	Codeset	ExternalCorporateActionEventType1Code	1	1	Corporate action event type, as published in an external corporate action event type code set.
MEMBER	CorporateActionEventType104Choice	_ZdRsSz3lEe-thIfLZ94a1w	Proprietary	Prtry	Component	GenericIdentification30	1	1	Event type expressed as a proprietary code.
DATATYPE	CardTransaction3Choice	_S1q3Ka6BEeexrtTFgmVD3Q	Choice	Registered	49D63852976D7829	Choice between an acquirer globalised card transaction or an individual card transaction.
MEMBER	CardTransaction3Choice	_S-5Eka6BEeexrtTFgmVD3Q	Aggregated	Aggtd	Component	CardAggregated2	1	1	Card transaction details, based on card transaction aggregated data performed by the card acquirer.
MEMBER	CardTransaction3Choice	_S-5Ek66BEeexrtTFgmVD3Q	Individual	Indv	Component	CardIndividualTransaction2	1	1	Card transaction details for the individual transaction, as recorded at the POI (point of interaction).
DATATYPE	ActiveOrHistoricCurrencyAnd13DecimalAmount	_YYB_9Np-Ed-ak6NoX_4Aeg_-771372619	Amount	Registered	37A352BF3DD135A0	A number of monetary units specified in an active or a historic currency where the unit of currency is explicit and compliant with ISO 4217. The number of fractional digits (or minor unit of currency) is not checked as per ISO 4217: It must be lesser than or equal to 13.|Note: The decimal separator is a dot.
